,website
0,www.bbc.com
1,www.reuters.com
2,www.nytimes.com
3,www.reuters.com
4,www.cnn.com
5,beforeitsnews.com
6,www.nytimes.com
7,www.reuters.com
8,www.reuters.com
9,www.reuters.com
10,www.activistpost.com
11,beforeitsnews.com
12,beforeitsnews.com
13,www.reuters.com
14,beforeitsnews.com
15,www.nytimes.com
16,www.nytimes.com
17,www.nytimes.com
18,beforeitsnews.com
19,beforeitsnews.com
20,beforeitsnews.com
21,beforeitsnews.com
22,www.reuters.com
23,beforeitsnews.com
24,beforeitsnews.com
25,www.reuters.com
26,beforeitsnews.com
27,www.cnn.com
28,beforeitsnews.com
29,www.nytimes.com
30,beforeitsnews.com
31,www.cnn.com
32,www.reuters.com
33,www.reuters.com
34,www.activistpost.com
35,www.cnn.com
36,www.nytimes.com
37,www.reuters.com
38,beforeitsnews.com
39,www.bbc.com
40,www.activistpost.com
41,beforeitsnews.com
42,beforeitsnews.com
43,beforeitsnews.com
44,beforeitsnews.com
45,beforeitsnews.com
46,www.nytimes.com
47,beforeitsnews.com
48,beforeitsnews.com
49,www.bbc.com
50,beforeitsnews.com
51,www.reuters.com
52,beforeitsnews.com
53,www.activistpost.com
54,beforeitsnews.com
55,dailybuzzlive.com
56,beforeitsnews.com
57,www.bbc.com
58,beforeitsnews.com
59,www.activistpost.com
60,dailybuzzlive.com
61,beforeitsnews.com
62,www.nytimes.com
63,www.nytimes.com
64,www.nytimes.com
65,www.bbc.com
66,beforeitsnews.com
67,www.cnn.com
68,beforeitsnews.com
69,www.reuters.com
70,www.disclose.tv
71,www.nytimes.com
72,beforeitsnews.com
73,www.cnn.com
74,www.cnn.com
75,www.reuters.com
76,beforeitsnews.com
77,www.reuters.com
78,abcnews.go.com
79,www.disclose.tv
80,beforeitsnews.com
81,www.activistpost.com
82,beforeitsnews.com
83,www.nytimes.com
84,dailybuzzlive.com
85,beforeitsnews.com
86,www.cnn.com
87,www.activistpost.com
88,beforeitsnews.com
89,www.reuters.com
90,www.bbc.com
91,www.nytimes.com
92,www.reuters.com
93,www.bbc.com
94,beforeitsnews.com
95,www.activistpost.com
96,beforeitsnews.com
97,www.bbc.com
98,dailybuzzlive.com
99,www.reuters.com
100,www.reuters.com
101,beforeitsnews.com
102,beforeitsnews.com
103,www.disclose.tv
104,www.cnn.com
105,www.cnn.com
106,www.nytimes.com
107,www.cnn.com
108,beforeitsnews.com
109,www.nytimes.com
110,beforeitsnews.com
111,www.reuters.com
112,www.reuters.com
113,beforeitsnews.com
114,www.cnn.com
115,beforeitsnews.com
116,www.bbc.com
117,www.activistpost.com
118,beforeitsnews.com
119,www.cnn.com
120,beforeitsnews.com
121,beforeitsnews.com
122,www.disclose.tv
123,www.cnn.com
124,beforeitsnews.com
125,www.reuters.com
126,www.bbc.com
127,www.activistpost.com
128,www.cnn.com
129,beforeitsnews.com
130,www.activistpost.com
131,beforeitsnews.com
132,www.reuters.com
133,abcnews.go.com
134,www.reuters.com
135,beforeitsnews.com
136,www.bbc.com
137,beforeitsnews.com
138,www.activistpost.com
139,www.activistpost.com
140,beforeitsnews.com
141,www.reuters.com
142,www.nytimes.com
143,beforeitsnews.com
144,www.cnn.com
145,www.cnn.com
146,beforeitsnews.com
147,www.reuters.com
148,www.cnn.com
149,www.activistpost.com
150,www.reuters.com
151,dailybuzzlive.com
152,www.nytimes.com
153,beforeitsnews.com
154,www.bbc.com
155,beforeitsnews.com
156,beforeitsnews.com
157,beforeitsnews.com
158,www.activistpost.com
159,www.cnn.com
160,beforeitsnews.com
161,beforeitsnews.com
162,www.bbc.com
163,www.nytimes.com
164,www.cnn.com
165,beforeitsnews.com
166,www.activistpost.com
167,beforeitsnews.com
168,www.cnn.com
169,www.reuters.com
170,beforeitsnews.com
171,beforeitsnews.com
172,beforeitsnews.com
173,www.activistpost.com
174,www.reuters.com
175,beforeitsnews.com
176,beforeitsnews.com
177,beforeitsnews.com
178,www.cnn.com
179,beforeitsnews.com
180,abcnews.go.com
181,www.cnn.com
182,www.cnn.com
183,beforeitsnews.com
184,beforeitsnews.com
185,www.nytimes.com
186,www.bbc.com
187,www.reuters.com
188,www.reuters.com
189,beforeitsnews.com
190,www.activistpost.com
191,beforeitsnews.com
192,beforeitsnews.com
193,beforeitsnews.com
194,www.nytimes.com
195,beforeitsnews.com
196,www.reuters.com
197,www.bbc.com
198,www.reuters.com
199,www.nytimes.com
200,www.bbc.com
201,beforeitsnews.com
202,beforeitsnews.com
203,beforeitsnews.com
204,beforeitsnews.com
205,www.activistpost.com
206,dailybuzzlive.com
207,beforeitsnews.com
208,www.cnn.com
209,beforeitsnews.com
210,www.cnn.com
211,www.reuters.com
212,beforeitsnews.com
213,www.disclose.tv
214,www.cnn.com
215,beforeitsnews.com
216,www.reuters.com
217,www.reuters.com
218,www.cnn.com
219,beforeitsnews.com
220,beforeitsnews.com
221,beforeitsnews.com
222,beforeitsnews.com
223,beforeitsnews.com
224,www.nytimes.com
225,www.reuters.com
226,beforeitsnews.com
227,beforeitsnews.com
228,www.nytimes.com
229,dailybuzzlive.com
230,www.disclose.tv
231,beforeitsnews.com
232,beforeitsnews.com
233,www.nytimes.com
234,www.reuters.com
235,beforeitsnews.com
236,www.reuters.com
237,beforeitsnews.com
238,beforeitsnews.com
239,beforeitsnews.com
240,www.cnn.com
241,www.nytimes.com
242,beforeitsnews.com
243,beforeitsnews.com
244,dailybuzzlive.com
245,beforeitsnews.com
246,www.reuters.com
247,www.nytimes.com
248,www.activistpost.com
249,www.nytimes.com
250,www.nytimes.com
251,beforeitsnews.com
252,beforeitsnews.com
253,beforeitsnews.com
254,beforeitsnews.com
255,beforeitsnews.com
256,www.bbc.com
257,www.nytimes.com
258,www.nytimes.com
259,www.bbc.com
260,www.cnn.com
261,www.cnn.com
262,www.activistpost.com
263,www.reuters.com
264,beforeitsnews.com
265,beforeitsnews.com
266,beforeitsnews.com
267,www.nytimes.com
268,www.activistpost.com
269,www.nytimes.com
270,www.bbc.com
271,beforeitsnews.com
272,beforeitsnews.com
273,www.reuters.com
274,www.bbc.com
275,beforeitsnews.com
276,beforeitsnews.com
277,www.cnn.com
278,money.cnn.com
279,www.bbc.com
280,beforeitsnews.com
281,abcnews.go.com
282,beforeitsnews.com
283,beforeitsnews.com
284,www.bbc.com
285,www.reuters.com
286,beforeitsnews.com
287,beforeitsnews.com
288,www.bbc.com
289,www.reuters.com
290,beforeitsnews.com
291,www.cnn.com
292,beforeitsnews.com
293,www.bbc.com
294,www.disclose.tv
295,beforeitsnews.com
296,www.activistpost.com
297,www.reuters.com
298,www.nytimes.com
299,www.reuters.com
300,beforeitsnews.com
301,www.disclose.tv
302,www.activistpost.com
303,beforeitsnews.com
304,www.nytimes.com
305,www.reuters.com
306,edition.cnn.com
307,www.cnn.com
308,beforeitsnews.com
309,www.bbc.com
310,beforeitsnews.com
311,beforeitsnews.com
312,www.cnn.com
313,money.cnn.com
314,www.bbc.com
315,beforeitsnews.com
316,abcnews.go.com
317,www.nytimes.com
318,www.cnn.com
319,beforeitsnews.com
320,beforeitsnews.com
321,beforeitsnews.com
322,www.cnn.com
323,www.disclose.tv
324,www.bbc.com
325,edition.cnn.com
326,beforeitsnews.com
327,beforeitsnews.com
328,beforeitsnews.com
329,www.reuters.com
330,money.cnn.com
331,beforeitsnews.com
332,www.bbc.com
333,www.activistpost.com
334,www.bbc.co.uk
335,beforeitsnews.com
336,www.bbc.com
337,www.disclose.tv
338,beforeitsnews.com
339,inhealth.cnn.com
340,www.cnn.com
341,www.reuters.com
342,beforeitsnews.com
343,www.reuters.com
344,money.cnn.com
345,www.reuters.com
346,beforeitsnews.com
347,beforeitsnews.com
348,www.bbc.com
349,beforeitsnews.com
350,beforeitsnews.com
351,beforeitsnews.com
352,beforeitsnews.com
353,beforeitsnews.com
354,beforeitsnews.com
355,www.cnn.com
356,www.cnn.com
357,beforeitsnews.com
358,www.reuters.com
359,www.cnn.com
360,www.reuters.com
361,beforeitsnews.com
362,www.bbc.com
363,www.nytimes.com
364,beforeitsnews.com
365,beforeitsnews.com
366,beforeitsnews.com
367,beforeitsnews.com
368,www.bbc.com
369,beforeitsnews.com
370,beforeitsnews.com
371,beforeitsnews.com
372,beforeitsnews.com
373,beforeitsnews.com
374,www.disclose.tv
375,www.activistpost.com
376,beforeitsnews.com
377,www.activistpost.com
378,beforeitsnews.com
379,www.nytimes.com
380,beforeitsnews.com
381,beforeitsnews.com
382,beforeitsnews.com
383,beforeitsnews.com
384,www.disclose.tv
385,beforeitsnews.com
386,www.nytimes.com
387,beforeitsnews.com
388,beforeitsnews.com
389,www.cnn.com
390,beforeitsnews.com
391,beforeitsnews.com
392,www.cnn.com
393,beforeitsnews.com
394,beforeitsnews.com
395,beforeitsnews.com
396,beforeitsnews.com
397,beforeitsnews.com
398,beforeitsnews.com
399,beforeitsnews.com
400,dailybuzzlive.com
401,www.reuters.com
402,beforeitsnews.com
403,beforeitsnews.com
404,www.activistpost.com
405,beforeitsnews.com
406,beforeitsnews.com
407,www.activistpost.com
408,beforeitsnews.com
409,www.cnn.com
410,beforeitsnews.com
411,www.reuters.com
412,beforeitsnews.com
413,beforeitsnews.com
414,www.nytimes.com
415,beforeitsnews.com
416,www.bbc.com
417,www.reuters.com
418,beforeitsnews.com
419,www.reuters.com
420,abcnews.go.com
421,beforeitsnews.com
422,beforeitsnews.com
423,beforeitsnews.com
424,www.nytimes.com
425,beforeitsnews.com
426,www.activistpost.com
427,www.cnn.com
428,www.bbc.com
429,www.reuters.com
430,www.cnn.com
431,www.nytimes.com
432,www.cnn.com
433,beforeitsnews.com
434,www.bbc.com
435,www.cnn.com
436,beforeitsnews.com
437,www.reuters.com
438,www.activistpost.com
439,beforeitsnews.com
440,edition.cnn.com
441,beforeitsnews.com
442,beforeitsnews.com
443,www.activistpost.com
444,beforeitsnews.com
445,www.reuters.com
446,beforeitsnews.com
447,www.cnn.com
448,www.nytimes.com
449,www.nytimes.com
450,beforeitsnews.com
451,www.nytimes.com
452,abcnews.go.com
453,www.reuters.com
454,www.nytimes.com
455,beforeitsnews.com
456,abcnews.go.com
457,www.reuters.com
458,beforeitsnews.com
459,beforeitsnews.com
460,www.activistpost.com
461,beforeitsnews.com
462,beforeitsnews.com
463,www.nytimes.com
464,www.bbc.com
465,www.cnn.com
466,beforeitsnews.com
467,beforeitsnews.com
468,beforeitsnews.com
469,www.nytimes.com
470,abcnews.go.com
471,beforeitsnews.com
472,beforeitsnews.com
473,beforeitsnews.com
474,www.bbc.com
475,www.cnn.com
476,beforeitsnews.com
477,www.cnn.com
478,www.reuters.com
479,www.bbc.com
480,beforeitsnews.com
481,beforeitsnews.com
482,www.nytimes.com
483,www.activistpost.com
484,www.activistpost.com
485,www.cnn.com
486,beforeitsnews.com
487,www.nytimes.com
488,www.reuters.com
489,beforeitsnews.com
490,beforeitsnews.com
491,beforeitsnews.com
492,beforeitsnews.com
493,beforeitsnews.com
494,beforeitsnews.com
495,dailybuzzlive.com
496,www.nytimes.com
497,www.cnn.com
498,beforeitsnews.com
499,beforeitsnews.com
500,www.bbc.com
501,beforeitsnews.com
502,www.reuters.com
503,www.cnn.com
504,www.reuters.com
505,www.activistpost.com
506,beforeitsnews.com
507,www.bbc.com
508,beforeitsnews.com
509,beforeitsnews.com
510,beforeitsnews.com
511,www.activistpost.com
512,www.activistpost.com
513,beforeitsnews.com
514,beforeitsnews.com
515,www.reuters.com
516,beforeitsnews.com
517,beforeitsnews.com
518,www.nytimes.com
519,www.activistpost.com
520,beforeitsnews.com
521,dailybuzzlive.com
522,beforeitsnews.com
523,beforeitsnews.com
524,beforeitsnews.com
525,www.reuters.com
526,www.reuters.com
527,beforeitsnews.com
528,www.nytimes.com
529,beforeitsnews.com
530,beforeitsnews.com
531,www.reuters.com
532,www.bbc.com
533,beforeitsnews.com
534,www.bbc.com
535,beforeitsnews.com
536,www.reuters.com
537,www.reuters.com
538,beforeitsnews.com
539,www.bbc.com
540,www.bbc.com
541,www.activistpost.com
542,beforeitsnews.com
543,www.reuters.com
544,www.nytimes.com
545,beforeitsnews.com
546,www.reuters.com
547,www.nytimes.com
548,www.bbc.com
549,beforeitsnews.com
550,beforeitsnews.com
551,www.activistpost.com
552,www.cnn.com
553,www.bbc.com
554,beforeitsnews.com
555,beforeitsnews.com
556,beforeitsnews.com
557,beforeitsnews.com
558,beforeitsnews.com
559,beforeitsnews.com
560,beforeitsnews.com
561,beforeitsnews.com
562,www.reuters.com
563,abcnews.go.com
564,www.disclose.tv
565,beforeitsnews.com
566,beforeitsnews.com
567,www.reuters.com
568,www.bbc.com
569,beforeitsnews.com
570,www.reuters.com
571,www.nytimes.com
572,beforeitsnews.com
573,beforeitsnews.com
574,www.reuters.com
575,www.nytimes.com
576,www.bbc.com
577,beforeitsnews.com
578,www.nytimes.com
579,www.reuters.com
580,www.reuters.com
581,abcnews.go.com
582,money.cnn.com
583,www.bbc.com
584,beforeitsnews.com
585,www.bbc.com
586,beforeitsnews.com
587,www.activistpost.com
588,www.reuters.com
589,beforeitsnews.com
590,beforeitsnews.com
591,beforeitsnews.com
592,www.activistpost.com
593,www.cnn.com
594,money.cnn.com
595,www.bbc.com
596,beforeitsnews.com
597,dailybuzzlive.com
598,beforeitsnews.com
599,www.nytimes.com
600,www.nytimes.com
601,www.activistpost.com
602,www.reuters.com
603,beforeitsnews.com
604,beforeitsnews.com
605,www.cnn.com
606,www.nytimes.com
607,beforeitsnews.com
608,beforeitsnews.com
609,www.cnn.com
610,www.reuters.com
611,beforeitsnews.com
612,beforeitsnews.com
613,www.reuters.com
614,beforeitsnews.com
615,www.cnn.com
616,www.reuters.com
617,beforeitsnews.com
618,beforeitsnews.com
619,www.reuters.com
620,beforeitsnews.com
621,beforeitsnews.com
622,beforeitsnews.com
623,beforeitsnews.com
624,www.nytimes.com
625,www.activistpost.com
626,beforeitsnews.com
627,beforeitsnews.com
628,www.nytimes.com
629,beforeitsnews.com
630,www.reuters.com
631,beforeitsnews.com
632,beforeitsnews.com
633,www.cnn.com
634,beforeitsnews.com
635,beforeitsnews.com
636,beforeitsnews.com
637,beforeitsnews.com
638,beforeitsnews.com
639,www.bbc.com
640,beforeitsnews.com
641,www.reuters.com
642,beforeitsnews.com
643,www.bbc.com
644,beforeitsnews.com
645,www.activistpost.com
646,www.reuters.com
647,www.activistpost.com
648,www.reuters.com
649,www.reuters.com
650,edition.cnn.com
651,www.bbc.com
652,www.bbc.com
653,www.reuters.com
654,www.cnn.com
655,beforeitsnews.com
656,beforeitsnews.com
657,www.bbc.com
658,beforeitsnews.com
659,www.bbc.com
660,abcnews.go.com
661,beforeitsnews.com
662,beforeitsnews.com
663,www.bbc.com
664,beforeitsnews.com
665,www.reuters.com
666,www.cnn.com
667,beforeitsnews.com
668,beforeitsnews.com
669,www.cnn.com
670,beforeitsnews.com
671,www.nytimes.com
672,www.cnn.com
673,www.activistpost.com
674,www.cnn.com
675,www.reuters.com
676,www.bbc.com
677,beforeitsnews.com
678,beforeitsnews.com
679,www.nytimes.com
680,beforeitsnews.com
681,www.disclose.tv
682,www.reuters.com
683,beforeitsnews.com
684,beforeitsnews.com
685,beforeitsnews.com
686,www.reuters.com
687,beforeitsnews.com
688,www.reuters.com
689,www.reuters.com
690,abcnews.go.com
691,www.reuters.com
692,www.cnn.com
693,www.cnn.com
694,www.cnn.com
695,beforeitsnews.com
696,beforeitsnews.com
697,beforeitsnews.com
698,beforeitsnews.com
699,beforeitsnews.com
700,beforeitsnews.com
701,beforeitsnews.com
702,www.cnn.com
703,www.reuters.com
704,beforeitsnews.com
705,www.nytimes.com
706,www.cnn.com
707,www.bbc.com
708,www.cnn.com
709,beforeitsnews.com
710,beforeitsnews.com
711,www.cnn.com
712,beforeitsnews.com
713,www.reuters.com
714,www.bbc.com
715,www.nytimes.com
716,www.reuters.com
717,beforeitsnews.com
718,www.cnn.com
719,www.activistpost.com
720,www.cnn.com
721,beforeitsnews.com
722,www.bbc.com
723,www.cnn.com
724,beforeitsnews.com
725,www.cnn.com
726,www.bbc.com
727,beforeitsnews.com
728,edition.cnn.com
729,beforeitsnews.com
730,www.activistpost.com
731,beforeitsnews.com
732,beforeitsnews.com
733,beforeitsnews.com
734,www.bbc.com
735,beforeitsnews.com
736,www.cnn.com
737,beforeitsnews.com
738,www.cnn.com
739,beforeitsnews.com
740,beforeitsnews.com
741,dailybuzzlive.com
742,www.cnn.com
743,www.reuters.com
744,money.cnn.com
745,beforeitsnews.com
746,edition.cnn.com
747,www.reuters.com
748,www.reuters.com
749,www.reuters.com
750,beforeitsnews.com
751,www.bbc.com
752,www.activistpost.com
753,www.cnn.com
754,www.bbc.com
755,www.bbc.com
756,beforeitsnews.com
757,www.activistpost.com
758,www.bbc.com
759,beforeitsnews.com
760,dailybuzzlive.com
761,abcnews.go.com
762,www.reuters.com
763,beforeitsnews.com
764,www.activistpost.com
765,beforeitsnews.com
766,www.activistpost.com
767,www.activistpost.com
768,www.activistpost.com
769,money.cnn.com
770,beforeitsnews.com
771,www.reuters.com
772,beforeitsnews.com
773,www.cnn.com
774,beforeitsnews.com
775,www.bbc.com
776,www.activistpost.com
777,www.nytimes.com
778,bleacherreport.com
779,www.nytimes.com
780,www.reuters.com
781,beforeitsnews.com
782,www.nytimes.com
783,abcnews.go.com
784,beforeitsnews.com
785,money.cnn.com
786,beforeitsnews.com
787,www.disclose.tv
788,beforeitsnews.com
789,www.activistpost.com
790,beforeitsnews.com
791,beforeitsnews.com
792,beforeitsnews.com
793,www.cnn.com
794,dailybuzzlive.com
795,beforeitsnews.com
796,www.cnn.com
797,www.nytimes.com
798,www.reuters.com
799,www.bbc.com
800,beforeitsnews.com
801,www.reuters.com
802,beforeitsnews.com
803,beforeitsnews.com
804,dailybuzzlive.com
805,www.bbc.com
806,www.reuters.com
807,beforeitsnews.com
808,www.reuters.com
809,dailybuzzlive.com
810,beforeitsnews.com
811,beforeitsnews.com
812,beforeitsnews.com
813,www.cnn.com
814,www.reuters.com
815,www.cnn.com
816,www.bbc.com
817,abcnews.go.com
818,beforeitsnews.com
819,beforeitsnews.com
820,www.nytimes.com
821,www.reuters.com
822,www.reuters.com
823,beforeitsnews.com
824,beforeitsnews.com
825,beforeitsnews.com
826,beforeitsnews.com
827,beforeitsnews.com
828,beforeitsnews.com
829,www.reuters.com
830,dailybuzzlive.com
831,www.bbc.com
832,beforeitsnews.com
833,www.nytimes.com
834,dailybuzzlive.com
835,beforeitsnews.com
836,www.activistpost.com
837,beforeitsnews.com
838,www.reuters.com
839,beforeitsnews.com
840,www.nytimes.com
841,dailybuzzlive.com
842,www.disclose.tv
843,beforeitsnews.com
844,beforeitsnews.com
845,www.nytimes.com
846,beforeitsnews.com
847,www.nytimes.com
848,www.cnn.com
849,www.nytimes.com
850,beforeitsnews.com
851,beforeitsnews.com
852,beforeitsnews.com
853,www.nytimes.com
854,www.cnn.com
855,www.bbc.com
856,abcnews.go.com
857,beforeitsnews.com
858,www.reuters.com
859,beforeitsnews.com
860,www.reuters.com
861,www.activistpost.com
862,www.activistpost.com
863,beforeitsnews.com
864,beforeitsnews.com
865,beforeitsnews.com
866,beforeitsnews.com
867,www.nytimes.com
868,www.bbc.com
869,beforeitsnews.com
870,www.reuters.com
871,www.nytimes.com
872,dailybuzzlive.com
873,www.nytimes.com
874,money.cnn.com
875,www.cnn.com
876,beforeitsnews.com
877,www.bbc.com
878,beforeitsnews.com
879,beforeitsnews.com
880,www.nytimes.com
881,beforeitsnews.com
882,beforeitsnews.com
883,beforeitsnews.com
884,beforeitsnews.com
885,beforeitsnews.com
886,www.reuters.com
887,www.nytimes.com
888,www.disclose.tv
889,www.activistpost.com
890,www.reuters.com
891,www.reuters.com
892,www.cnn.com
893,beforeitsnews.com
894,www.reuters.com
895,beforeitsnews.com
896,beforeitsnews.com
897,www.cnn.com
898,www.reuters.com
899,www.reuters.com
900,dailybuzzlive.com
901,money.cnn.com
902,beforeitsnews.com
903,beforeitsnews.com
904,www.bbc.com
905,www.cnn.com
906,www.nytimes.com
907,www.cnn.com
908,www.activistpost.com
909,www.disclose.tv
910,www.bbc.com
911,www.cnn.com
912,www.reuters.com
913,dailybuzzlive.com
914,www.cnn.com
915,www.reuters.com
916,www.reuters.com
917,www.reuters.com
918,beforeitsnews.com
919,www.nytimes.com
920,dailybuzzlive.com
921,www.reuters.com
922,beforeitsnews.com
923,beforeitsnews.com
924,beforeitsnews.com
925,www.cnn.com
926,beforeitsnews.com
927,beforeitsnews.com
928,www.reuters.com
929,beforeitsnews.com
930,www.cnn.com
931,money.cnn.com
932,beforeitsnews.com
933,www.nytimes.com
934,beforeitsnews.com
935,beforeitsnews.com
936,beforeitsnews.com
937,beforeitsnews.com
938,www.activistpost.com
939,beforeitsnews.com
940,abcnews.go.com
941,beforeitsnews.com
942,beforeitsnews.com
943,beforeitsnews.com
944,www.cnn.com
945,www.nytimes.com
946,beforeitsnews.com
947,www.nytimes.com
948,www.cnn.com
949,www.cnn.com
950,abcnews.go.com
951,www.reuters.com
952,beforeitsnews.com
953,beforeitsnews.com
954,beforeitsnews.com
955,www.bbc.com
956,beforeitsnews.com
957,www.cnn.com
958,beforeitsnews.com
959,www.reuters.com
960,beforeitsnews.com
961,beforeitsnews.com
962,beforeitsnews.com
963,beforeitsnews.com
964,www.activistpost.com
965,beforeitsnews.com
966,beforeitsnews.com
967,beforeitsnews.com
968,www.bbc.com
969,beforeitsnews.com
970,www.bbc.com
971,www.bbc.com
972,www.nytimes.com
973,beforeitsnews.com
974,beforeitsnews.com
975,www.cnn.com
976,www.cnn.com
977,www.nytimes.com
978,www.activistpost.com
979,www.nytimes.com
980,www.bbc.com
981,beforeitsnews.com
982,www.cnn.com
983,www.cnn.com
984,www.cnn.com
985,www.activistpost.com
986,beforeitsnews.com
987,www.cnn.com
988,beforeitsnews.com
989,beforeitsnews.com
990,www.reuters.com
991,beforeitsnews.com
992,www.nytimes.com
993,beforeitsnews.com
994,beforeitsnews.com
995,beforeitsnews.com
996,www.nytimes.com
997,www.reuters.com
998,beforeitsnews.com
999,www.activistpost.com
1000,www.bbc.com
1001,abcnews.go.com
1002,www.cnn.com
1003,beforeitsnews.com
1004,www.nytimes.com
1005,www.cnn.com
1006,www.activistpost.com
1007,www.nytimes.com
1008,www.nytimes.com
1009,beforeitsnews.com
1010,beforeitsnews.com
1011,www.reuters.com
1012,www.nytimes.com
1013,beforeitsnews.com
1014,www.disclose.tv
1015,beforeitsnews.com
1016,www.cnn.com
1017,www.cnn.com
1018,www.bbc.com
1019,beforeitsnews.com
1020,www.reuters.com
1021,beforeitsnews.com
1022,dailybuzzlive.com
1023,www.cnn.com
1024,www.bbc.com
1025,www.cnn.com
1026,www.cnn.com
1027,beforeitsnews.com
1028,dailybuzzlive.com
1029,www.nytimes.com
1030,beforeitsnews.com
1031,www.activistpost.com
1032,www.nytimes.com
1033,www.nytimes.com
1034,www.bbc.com
1035,www.bbc.com
1036,beforeitsnews.com
1037,www.activistpost.com
1038,beforeitsnews.com
1039,www.disclose.tv
1040,inhealth.cnn.com
1041,www.cnn.com
1042,www.reuters.com
1043,beforeitsnews.com
1044,beforeitsnews.com
1045,abcnews.go.com
1046,www.bbc.com
1047,www.nytimes.com
1048,beforeitsnews.com
1049,www.reuters.com
1050,www.cnn.com
1051,beforeitsnews.com
1052,beforeitsnews.com
1053,www.reuters.com
1054,beforeitsnews.com
1055,www.bbc.com
1056,beforeitsnews.com
1057,beforeitsnews.com
1058,www.reuters.com
1059,www.reuters.com
1060,www.bbc.com
1061,www.bbc.com
1062,beforeitsnews.com
1063,www.nytimes.com
1064,www.activistpost.com
1065,dailybuzzlive.com
1066,www.nytimes.com
1067,www.activistpost.com
1068,www.reuters.com
1069,www.activistpost.com
1070,beforeitsnews.com
1071,beforeitsnews.com
1072,beforeitsnews.com
1073,www.nytimes.com
1074,beforeitsnews.com
1075,beforeitsnews.com
1076,beforeitsnews.com
1077,beforeitsnews.com
1078,beforeitsnews.com
1079,beforeitsnews.com
1080,beforeitsnews.com
1081,beforeitsnews.com
1082,www.nytimes.com
1083,beforeitsnews.com
1084,www.nytimes.com
1085,edition.cnn.com
1086,beforeitsnews.com
1087,beforeitsnews.com
1088,www.nytimes.com
1089,www.bbc.com
1090,beforeitsnews.com
1091,www.activistpost.com
1092,beforeitsnews.com
1093,beforeitsnews.com
1094,beforeitsnews.com
1095,beforeitsnews.com
1096,www.disclose.tv
1097,www.reuters.com
1098,www.reuters.com
1099,money.cnn.com
1100,money.cnn.com
1101,www.nytimes.com
1102,www.reuters.com
1103,beforeitsnews.com
1104,beforeitsnews.com
1105,beforeitsnews.com
1106,www.reuters.com
1107,www.reuters.com
1108,www.nytimes.com
1109,beforeitsnews.com
1110,www.activistpost.com
1111,www.reuters.com
1112,beforeitsnews.com
1113,clarivate.com
1114,www.reuters.com
1115,bleacherreport.com
1116,beforeitsnews.com
1117,www.cnn.com
1118,www.bbc.com
1119,www.activistpost.com
1120,beforeitsnews.com
1121,www.reuters.com
1122,www.activistpost.com
1123,beforeitsnews.com
1124,beforeitsnews.com
1125,beforeitsnews.com
1126,www.cnn.com
1127,beforeitsnews.com
1128,beforeitsnews.com
1129,www.reuters.com
1130,www.cnn.com
1131,beforeitsnews.com
1132,beforeitsnews.com
1133,beforeitsnews.com
1134,beforeitsnews.com
1135,www.cnn.com
1136,www.bbc.com
1137,www.activistpost.com
1138,beforeitsnews.com
1139,beforeitsnews.com
1140,beforeitsnews.com
1141,beforeitsnews.com
1142,beforeitsnews.com
1143,beforeitsnews.com
1144,beforeitsnews.com
1145,www.bbc.com
1146,www.nytimes.com
1147,www.activistpost.com
1148,beforeitsnews.com
1149,beforeitsnews.com
1150,www.reuters.com
1151,www.cnn.com
1152,www.activistpost.com
1153,www.bbc.com
1154,www.bbc.com
1155,beforeitsnews.com
1156,www.bbc.com
1157,www.reuters.com
1158,beforeitsnews.com
1159,www.disclose.tv
1160,www.reuters.com
1161,beforeitsnews.com
1162,beforeitsnews.com
1163,www.cnn.com
1164,www.nytimes.com
1165,money.cnn.com
1166,www.cnn.com
1167,beforeitsnews.com
1168,www.disclose.tv
1169,beforeitsnews.com
1170,beforeitsnews.com
1171,beforeitsnews.com
1172,beforeitsnews.com
1173,www.bbc.com
1174,beforeitsnews.com
1175,www.activistpost.com
1176,abcnews.go.com
1177,beforeitsnews.com
1178,beforeitsnews.com
1179,www.cnn.com
1180,www.activistpost.com
1181,www.reuters.com
1182,www.activistpost.com
1183,www.activistpost.com
1184,www.bbc.com
1185,beforeitsnews.com
1186,beforeitsnews.com
1187,beforeitsnews.com
1188,beforeitsnews.com
1189,www.bbc.com
1190,beforeitsnews.com
1191,beforeitsnews.com
1192,beforeitsnews.com
1193,www.nytimes.com
1194,beforeitsnews.com
1195,www.reuters.com
1196,money.cnn.com
1197,www.reuters.com
1198,beforeitsnews.com
1199,www.cnn.com
1200,www.cnn.com
1201,beforeitsnews.com
1202,beforeitsnews.com
1203,beforeitsnews.com
1204,inhealth.cnn.com
1205,www.bbc.com
1206,www.cnn.com
1207,beforeitsnews.com
1208,www.reuters.com
1209,beforeitsnews.com
1210,beforeitsnews.com
1211,beforeitsnews.com
1212,www.activistpost.com
1213,beforeitsnews.com
1214,www.cnn.com
1215,abcnews.go.com
1216,www.nytimes.com
1217,www.cnn.com
1218,inhealth.cnn.com
1219,www.cnn.com
1220,www.reuters.com
1221,beforeitsnews.com
1222,beforeitsnews.com
1223,www.activistpost.com
1224,beforeitsnews.com
1225,beforeitsnews.com
1226,www.nytimes.com
1227,www.cnn.com
1228,beforeitsnews.com
1229,beforeitsnews.com
1230,dailybuzzlive.com
1231,beforeitsnews.com
1232,www.reuters.com
1233,www.bbc.com
1234,www.bbc.com
1235,beforeitsnews.com
1236,edition.cnn.com
1237,www.activistpost.com
1238,www.nytimes.com
1239,www.disclose.tv
1240,beforeitsnews.com
1241,www.reuters.com
1242,www.cnn.com
1243,beforeitsnews.com
1244,beforeitsnews.com
1245,www.reuters.com
1246,www.cnn.com
1247,beforeitsnews.com
1248,beforeitsnews.com
1249,www.cnn.com
1250,www.cnn.com
1251,beforeitsnews.com
1252,beforeitsnews.com
1253,www.reuters.com
1254,www.activistpost.com
1255,beforeitsnews.com
1256,www.nytimes.com
1257,beforeitsnews.com
1258,www.cnn.com
1259,www.cnn.com
1260,www.reuters.com
1261,beforeitsnews.com
1262,www.reuters.com
1263,www.reuters.com
1264,www.nytimes.com
1265,www.nytimes.com
1266,www.reuters.com
1267,www.cnn.com
1268,www.cnn.com
1269,beforeitsnews.com
1270,beforeitsnews.com
1271,beforeitsnews.com
1272,www.bbc.com
1273,www.activistpost.com
1274,beforeitsnews.com
1275,beforeitsnews.com
1276,www.reuters.com
1277,beforeitsnews.com
1278,www.reuters.com
1279,www.reuters.com
1280,beforeitsnews.com
1281,www.nytimes.com
1282,beforeitsnews.com
1283,beforeitsnews.com
1284,beforeitsnews.com
1285,www.reuters.com
1286,www.reuters.com
1287,www.reuters.com
1288,beforeitsnews.com
1289,reuters.com
1290,beforeitsnews.com
1291,beforeitsnews.com
1292,www.bbc.com
1293,www.reuters.com
1294,www.activistpost.com
1295,www.nytimes.com
1296,money.cnn.com
1297,www.cnn.com
1298,beforeitsnews.com
1299,dailybuzzlive.com
1300,www.cnn.com
1301,beforeitsnews.com
1302,beforeitsnews.com
1303,www.nytimes.com
1304,www.nytimes.com
1305,beforeitsnews.com
1306,beforeitsnews.com
1307,www.cnn.com
1308,beforeitsnews.com
1309,beforeitsnews.com
1310,www.reuters.com
1311,beforeitsnews.com
1312,www.bbc.co.uk
1313,www.cnn.com
1314,www.bbc.com
1315,www.cnn.com
1316,beforeitsnews.com
1317,beforeitsnews.com
1318,www.disclose.tv
1319,www.reuters.com
1320,www.nytimes.com
1321,beforeitsnews.com
1322,beforeitsnews.com
1323,www.activistpost.com
1324,www.reuters.com
1325,abcnews.go.com
1326,www.bbc.com
1327,www.cnn.com
1328,www.reuters.com
1329,beforeitsnews.com
1330,beforeitsnews.com
1331,beforeitsnews.com
1332,www.reuters.com
1333,beforeitsnews.com
1334,www.nytimes.com
1335,www.nytimes.com
1336,www.reuters.com
1337,www.nytimes.com
1338,www.nytimes.com
1339,www.reuters.com
1340,edition.cnn.com
1341,www.activistpost.com
1342,www.reuters.com
1343,dailybuzzlive.com
1344,beforeitsnews.com
1345,www.bbc.com
1346,www.bbc.com
1347,beforeitsnews.com
1348,www.disclose.tv
1349,www.reuters.com
1350,www.cnn.com
1351,www.nytimes.com
1352,www.activistpost.com
1353,beforeitsnews.com
1354,beforeitsnews.com
1355,www.activistpost.com
1356,beforeitsnews.com
1357,beforeitsnews.com
1358,www.reuters.com
1359,www.reuters.com
1360,beforeitsnews.com
1361,beforeitsnews.com
1362,abcnews.go.com
1363,www.bbc.com
1364,www.cnn.com
1365,beforeitsnews.com
1366,www.reuters.com
1367,dailybuzzlive.com
1368,beforeitsnews.com
1369,www.cnn.com
1370,www.reuters.com
1371,inhealth.cnn.com
1372,www.bbc.com
1373,www.reuters.com
1374,www.disclose.tv
1375,beforeitsnews.com
1376,www.cnn.com
1377,beforeitsnews.com
1378,beforeitsnews.com
1379,beforeitsnews.com
1380,www.reuters.com
1381,www.activistpost.com
1382,www.cnn.com
1383,www.reuters.com
1384,www.bbc.com
1385,www.activistpost.com
1386,www.bbc.co.uk
1387,beforeitsnews.com
1388,www.cnn.com
1389,www.cnn.com
1390,www.nytimes.com
1391,beforeitsnews.com
1392,beforeitsnews.com
1393,beforeitsnews.com
1394,www.bbc.com
1395,www.bbc.com
1396,beforeitsnews.com
1397,www.bbc.com
1398,www.bbc.com
1399,beforeitsnews.com
1400,www.reuters.com
1401,beforeitsnews.com
1402,beforeitsnews.com
1403,beforeitsnews.com
1404,www.cnn.com
1405,www.bbc.com
1406,www.bbc.com
1407,www.reuters.com
1408,www.activistpost.com
1409,beforeitsnews.com
1410,beforeitsnews.com
1411,beforeitsnews.com
1412,beforeitsnews.com
1413,beforeitsnews.com
1414,www.nytimes.com
1415,beforeitsnews.com
1416,beforeitsnews.com
1417,www.activistpost.com
1418,beforeitsnews.com
1419,beforeitsnews.com
1420,beforeitsnews.com
1421,www.nytimes.com
1422,bleacherreport.com
1423,beforeitsnews.com
1424,www.nytimes.com
1425,inhealth.cnn.com
1426,www.nytimes.com
1427,beforeitsnews.com
1428,beforeitsnews.com
1429,www.reuters.com
1430,www.bbc.com
1431,www.reuters.com
1432,beforeitsnews.com
1433,beforeitsnews.com
1434,beforeitsnews.com
1435,www.nytimes.com
1436,www.cnn.com
1437,beforeitsnews.com
1438,www.cnn.com
1439,www.cnn.com
1440,beforeitsnews.com
1441,beforeitsnews.com
1442,beforeitsnews.com
1443,www.reuters.com
1444,abcnews.go.com
1445,beforeitsnews.com
1446,www.reuters.com
1447,www.reuters.com
1448,beforeitsnews.com
1449,beforeitsnews.com
1450,money.cnn.com
1451,beforeitsnews.com
1452,www.reuters.com
1453,www.nytimes.com
1454,www.nytimes.com
1455,www.reuters.com
1456,www.activistpost.com
1457,beforeitsnews.com
1458,beforeitsnews.com
1459,beforeitsnews.com
1460,www.reuters.com
1461,www.nytimes.com
1462,dailybuzzlive.com
1463,www.nytimes.com
1464,beforeitsnews.com
1465,www.reuters.com
1466,www.cnn.com
1467,www.reuters.com
1468,www.reuters.com
1469,beforeitsnews.com
1470,www.reuters.com
1471,beforeitsnews.com
1472,www.nytimes.com
1473,beforeitsnews.com
1474,www.bbc.com
1475,www.activistpost.com
1476,www.reuters.com
1477,beforeitsnews.com
1478,www.cnn.com
1479,beforeitsnews.com
1480,dailybuzzlive.com
1481,www.reuters.com
1482,beforeitsnews.com
1483,www.activistpost.com
1484,www.cnn.com
1485,www.nytimes.com
1486,beforeitsnews.com
1487,beforeitsnews.com
1488,www.cnn.com
1489,beforeitsnews.com
1490,beforeitsnews.com
1491,www.reuters.com
1492,beforeitsnews.com
1493,www.activistpost.com
1494,www.reuters.com
1495,www.bbc.com
1496,www.bbc.com
1497,www.cnn.com
1498,beforeitsnews.com
1499,beforeitsnews.com
1500,beforeitsnews.com
1501,beforeitsnews.com
1502,www.disclose.tv
1503,www.nytimes.com
1504,beforeitsnews.com
1505,www.activistpost.com
1506,www.nytimes.com
1507,beforeitsnews.com
1508,beforeitsnews.com
1509,www.cnn.com
1510,www.nytimes.com
1511,beforeitsnews.com
1512,www.reuters.com
1513,beforeitsnews.com
1514,beforeitsnews.com
1515,beforeitsnews.com
1516,beforeitsnews.com
1517,beforeitsnews.com
1518,beforeitsnews.com
1519,beforeitsnews.com
1520,www.cnn.com
1521,www.reuters.com
1522,www.cnn.com
1523,abcnews.go.com
1524,www.disclose.tv
1525,www.nytimes.com
1526,www.bbc.com
1527,beforeitsnews.com
1528,abcnews.go.com
1529,www.reuters.com
1530,www.nytimes.com
1531,beforeitsnews.com
1532,www.cnn.com
1533,beforeitsnews.com
1534,beforeitsnews.com
1535,beforeitsnews.com
1536,www.bbc.com
1537,www.reuters.com
1538,beforeitsnews.com
1539,www.activistpost.com
1540,beforeitsnews.com
1541,beforeitsnews.com
1542,beforeitsnews.com
1543,beforeitsnews.com
1544,www.cnn.com
1545,beforeitsnews.com
1546,beforeitsnews.com
1547,money.cnn.com
1548,beforeitsnews.com
1549,www.bbc.com
1550,beforeitsnews.com
1551,beforeitsnews.com
1552,www.bbc.com
1553,beforeitsnews.com
1554,www.bbc.com
1555,www.nytimes.com
1556,beforeitsnews.com
1557,beforeitsnews.com
1558,www.reuters.com
1559,www.cnn.com
1560,www.disclose.tv
1561,www.bbc.com
1562,money.cnn.com
1563,beforeitsnews.com
1564,www.nytimes.com
1565,www.reuters.com
1566,www.bbc.com
1567,www.cnn.com
1568,beforeitsnews.com
1569,beforeitsnews.com
1570,www.reuters.com
1571,www.cnn.com
1572,www.nytimes.com
1573,www.bbc.com
1574,www.reuters.com
1575,www.bbc.com
1576,www.reuters.com
1577,www.bbc.com
1578,beforeitsnews.com
1579,beforeitsnews.com
1580,www.bbc.com
1581,www.nytimes.com
1582,beforeitsnews.com
1583,www.nytimes.com
1584,www.bbc.com
1585,beforeitsnews.com
1586,www.disclose.tv
1587,www.reuters.com
1588,dailybuzzlive.com
1589,beforeitsnews.com
1590,dailybuzzlive.com
1591,money.cnn.com
1592,abcnews.go.com
1593,beforeitsnews.com
1594,www.reuters.com
1595,beforeitsnews.com
1596,www.nytimes.com
1597,beforeitsnews.com
1598,www.cnn.com
1599,www.nytimes.com
1600,beforeitsnews.com
1601,beforeitsnews.com
1602,www.reuters.com
1603,abcnews.go.com
1604,beforeitsnews.com
1605,www.cnn.com
1606,abcnews.go.com
1607,beforeitsnews.com
1608,www.bbc.com
1609,www.bbc.com
1610,www.reuters.com
1611,beforeitsnews.com
1612,www.activistpost.com
1613,www.cnn.com
1614,beforeitsnews.com
1615,www.activistpost.com
1616,www.nytimes.com
1617,beforeitsnews.com
1618,beforeitsnews.com
1619,www.reuters.com
1620,www.activistpost.com
1621,www.reuters.com
1622,beforeitsnews.com
1623,beforeitsnews.com
1624,beforeitsnews.com
1625,www.cnn.com
1626,www.bbc.com
1627,beforeitsnews.com
1628,www.cnn.com
1629,beforeitsnews.com
1630,www.bbc.com
1631,www.bbc.com
1632,beforeitsnews.com
1633,beforeitsnews.com
1634,inhealth.cnn.com
1635,www.reuters.com
1636,www.activistpost.com
1637,www.cnn.com
1638,dailybuzzlive.com
1639,www.nytimes.com
1640,beforeitsnews.com
1641,www.cnn.com
1642,www.disclose.tv
1643,beforeitsnews.com
1644,beforeitsnews.com
1645,www.reuters.com
1646,beforeitsnews.com
1647,www.reuters.com
1648,www.reuters.com
1649,beforeitsnews.com
1650,beforeitsnews.com
1651,www.reuters.com
1652,www.cnn.com
1653,beforeitsnews.com
1654,beforeitsnews.com
1655,www.reuters.com
1656,beforeitsnews.com
1657,www.cnn.com
1658,beforeitsnews.com
1659,beforeitsnews.com
1660,www.reuters.com
1661,www.cnn.com
1662,beforeitsnews.com
1663,beforeitsnews.com
1664,www.reuters.com
1665,www.reuters.com
1666,www.bbc.com
1667,beforeitsnews.com
1668,beforeitsnews.com
1669,www.reuters.com
1670,www.cnn.com
1671,www.cnn.com
1672,dailybuzzlive.com
1673,www.reuters.com
1674,beforeitsnews.com
1675,www.bbc.com
1676,www.nytimes.com
1677,www.cnn.com
1678,www.reuters.com
1679,www.bbc.com
1680,beforeitsnews.com
1681,www.reuters.com
1682,www.nytimes.com
1683,www.reuters.com
1684,beforeitsnews.com
1685,beforeitsnews.com
1686,beforeitsnews.com
1687,www.reuters.com
1688,beforeitsnews.com
1689,beforeitsnews.com
1690,www.reuters.com
1691,www.reuters.com
1692,dailybuzzlive.com
1693,money.cnn.com
1694,dailybuzzlive.com
1695,beforeitsnews.com
1696,beforeitsnews.com
1697,beforeitsnews.com
1698,www.reuters.com
1699,www.cnn.com
1700,www.cnn.com
1701,beforeitsnews.com
1702,dailybuzzlive.com
1703,www.disclose.tv
1704,beforeitsnews.com
1705,inhealth.cnn.com
1706,beforeitsnews.com
1707,bleacherreport.com
1708,www.nytimes.com
1709,beforeitsnews.com
1710,beforeitsnews.com
1711,www.activistpost.com
1712,www.nytimes.com
1713,www.bbc.com
1714,www.reuters.com
1715,www.nytimes.com
1716,beforeitsnews.com
1717,bleacherreport.com
1718,www.reuters.com
1719,www.reuters.com
1720,www.cnn.com
1721,beforeitsnews.com
1722,beforeitsnews.com
1723,beforeitsnews.com
1724,www.activistpost.com
1725,beforeitsnews.com
1726,www.reuters.com
1727,beforeitsnews.com
1728,www.nytimes.com
1729,www.nytimes.com
1730,beforeitsnews.com
1731,www.cnn.com
1732,www.activistpost.com
1733,beforeitsnews.com
1734,money.cnn.com
1735,www.bbc.com
1736,www.reuters.com
1737,www.nytimes.com
1738,beforeitsnews.com
1739,dailybuzzlive.com
1740,beforeitsnews.com
1741,www.bbc.com
1742,api.content-ad.net
1743,beforeitsnews.com
1744,www.reuters.com
1745,www.reuters.com
1746,www.reuters.com
1747,beforeitsnews.com
1748,beforeitsnews.com
1749,www.reuters.com
1750,www.reuters.com
1751,beforeitsnews.com
1752,www.bbc.com
1753,beforeitsnews.com
1754,beforeitsnews.com
1755,beforeitsnews.com
1756,beforeitsnews.com
1757,www.nytimes.com
1758,www.nytimes.com
1759,www.activistpost.com
1760,www.cnn.com
1761,beforeitsnews.com
1762,beforeitsnews.com
1763,beforeitsnews.com
1764,www.nytimes.com
1765,beforeitsnews.com
1766,www.reuters.com
1767,beforeitsnews.com
1768,beforeitsnews.com
1769,beforeitsnews.com
1770,www.disclose.tv
1771,beforeitsnews.com
1772,www.reuters.com
1773,www.nytimes.com
1774,beforeitsnews.com
1775,www.nytimes.com
1776,www.bbc.com
1777,beforeitsnews.com
1778,beforeitsnews.com
1779,www.cnn.com
1780,beforeitsnews.com
1781,www.activistpost.com
1782,beforeitsnews.com
1783,www.bbc.com
1784,www.activistpost.com
1785,beforeitsnews.com
1786,www.reuters.com
1787,www.cnn.com
1788,www.reuters.com
1789,www.activistpost.com
1790,beforeitsnews.com
1791,beforeitsnews.com
1792,www.bbc.com
1793,www.disclose.tv
1794,www.reuters.com
1795,www.bbc.com
1796,beforeitsnews.com
1797,abcnews.go.com
1798,www.reuters.com
1799,www.bbc.com
1800,www.cnn.com
1801,www.reuters.com
1802,beforeitsnews.com
1803,www.cnn.com
1804,beforeitsnews.com
1805,beforeitsnews.com
1806,beforeitsnews.com
1807,www.reuters.com
1808,beforeitsnews.com
1809,www.nytimes.com
1810,beforeitsnews.com
1811,dailybuzzlive.com
1812,www.reuters.com
1813,www.reuters.com
1814,www.bbc.com
1815,beforeitsnews.com
1816,edition.cnn.com
1817,www.activistpost.com
1818,beforeitsnews.com
1819,beforeitsnews.com
1820,beforeitsnews.com
1821,beforeitsnews.com
1822,www.activistpost.com
1823,www.activistpost.com
1824,www.cnn.com
1825,beforeitsnews.com
1826,beforeitsnews.com
1827,www.reuters.com
1828,beforeitsnews.com
1829,beforeitsnews.com
1830,www.nytimes.com
1831,beforeitsnews.com
1832,dailybuzzlive.com
1833,beforeitsnews.com
1834,www.cnn.com
1835,beforeitsnews.com
1836,beforeitsnews.com
1837,www.bbc.com
1838,beforeitsnews.com
1839,www.bbc.com
1840,www.reuters.com
1841,www.bbc.com
1842,beforeitsnews.com
1843,www.reuters.com
1844,www.bbc.com
1845,beforeitsnews.com
1846,www.bbc.com
1847,beforeitsnews.com
1848,www.bbc.com
1849,www.cnn.com
1850,beforeitsnews.com
1851,edition.cnn.com
1852,www.activistpost.com
1853,beforeitsnews.com
1854,beforeitsnews.com
1855,beforeitsnews.com
1856,beforeitsnews.com
1857,beforeitsnews.com
1858,beforeitsnews.com
1859,beforeitsnews.com
1860,beforeitsnews.com
1861,dailybuzzlive.com
1862,www.nytimes.com
1863,beforeitsnews.com
1864,beforeitsnews.com
1865,www.reuters.com
1866,beforeitsnews.com
1867,www.reuters.com
1868,beforeitsnews.com
1869,www.nytimes.com
1870,www.nytimes.com
1871,www.reuters.com
1872,www.reuters.com
1873,www.bbc.com
1874,www.disclose.tv
1875,beforeitsnews.com
1876,beforeitsnews.com
1877,www.bbc.com
1878,beforeitsnews.com
1879,beforeitsnews.com
1880,beforeitsnews.com
1881,www.nytimes.com
1882,www.cnn.com
1883,www.nytimes.com
1884,beforeitsnews.com
1885,beforeitsnews.com
1886,money.cnn.com
1887,www.reuters.com
1888,beforeitsnews.com
1889,www.cnn.com
1890,abcnews.go.com
1891,www.activistpost.com
1892,www.activistpost.com
1893,www.activistpost.com
1894,beforeitsnews.com
1895,www.nytimes.com
1896,www.disclose.tv
1897,www.cnn.com
1898,bleacherreport.com
1899,www.cnn.com
1900,www.reuters.com
1901,www.reuters.com
1902,www.bbc.com
1903,beforeitsnews.com
1904,www.cnn.com
1905,www.nytimes.com
1906,www.reuters.com
1907,www.nytimes.com
1908,dailybuzzlive.com
1909,dailybuzzlive.com
1910,beforeitsnews.com
1911,www.reuters.com
1912,abcnews.go.com
1913,beforeitsnews.com
1914,bleacherreport.com
1915,www.disclose.tv
1916,www.reuters.com
1917,www.bbc.com
1918,beforeitsnews.com
1919,www.reuters.com
1920,www.bbc.com
1921,www.activistpost.com
1922,beforeitsnews.com
1923,beforeitsnews.com
1924,www.disclose.tv
1925,abcnews.go.com
1926,beforeitsnews.com
1927,beforeitsnews.com
1928,beforeitsnews.com
1929,www.reuters.com
1930,beforeitsnews.com
1931,www.disclose.tv
1932,beforeitsnews.com
1933,www.cnn.com
1934,www.reuters.com
1935,beforeitsnews.com
1936,www.activistpost.com
1937,beforeitsnews.com
1938,beforeitsnews.com
1939,beforeitsnews.com
1940,www.bbc.com
1941,beforeitsnews.com
1942,www.cnn.com
1943,www.reuters.com
1944,www.nytimes.com
1945,www.bbc.com
1946,beforeitsnews.com
1947,beforeitsnews.com
1948,beforeitsnews.com
1949,abcnews.go.com
1950,www.cnn.com
1951,www.activistpost.com
1952,beforeitsnews.com
1953,www.reuters.com
1954,www.nytimes.com
1955,www.activistpost.com
1956,beforeitsnews.com
1957,www.activistpost.com
1958,www.nytimes.com
1959,www.reuters.com
1960,beforeitsnews.com
1961,beforeitsnews.com
1962,beforeitsnews.com
1963,www.reuters.com
1964,beforeitsnews.com
1965,www.cnn.com
1966,beforeitsnews.com
1967,beforeitsnews.com
1968,www.nytimes.com
1969,beforeitsnews.com
1970,beforeitsnews.com
1971,www.activistpost.com
1972,www.activistpost.com
1973,www.reuters.com
1974,beforeitsnews.com
1975,beforeitsnews.com
1976,www.reuters.com
1977,beforeitsnews.com
1978,www.nytimes.com
1979,www.reuters.com
1980,www.bbc.com
1981,www.activistpost.com
1982,beforeitsnews.com
1983,beforeitsnews.com
1984,www.nytimes.com
1985,www.activistpost.com
1986,www.reuters.com
1987,beforeitsnews.com
1988,www.reuters.com
1989,beforeitsnews.com
1990,beforeitsnews.com
1991,www.reuters.com
1992,dailybuzzlive.com
1993,www.activistpost.com
1994,www.bbc.com
1995,www.activistpost.com
1996,beforeitsnews.com
1997,www.bbc.com
1998,abcnews.go.com
1999,beforeitsnews.com
2000,www.reuters.com
2001,www.cnn.com
2002,www.disclose.tv
2003,www.activistpost.com
2004,www.reuters.com
2005,money.cnn.com
2006,beforeitsnews.com
2007,www.reuters.com
2008,www.reuters.com
2009,www.reuters.com
2010,www.bbc.com
2011,www.reuters.com
2012,beforeitsnews.com
2013,dailybuzzlive.com
2014,www.cnn.com
2015,www.bbc.co.uk
2016,beforeitsnews.com
2017,money.cnn.com
2018,www.cnn.com
2019,www.reuters.com
2020,beforeitsnews.com
2021,beforeitsnews.com
2022,beforeitsnews.com
2023,www.activistpost.com
2024,www.reuters.com
2025,beforeitsnews.com
2026,beforeitsnews.com
2027,www.reuters.com
2028,www.bbc.com
2029,www.activistpost.com
2030,www.bbc.com
2031,www.reuters.com
2032,beforeitsnews.com
2033,beforeitsnews.com
2034,beforeitsnews.com
2035,www.cnn.com
2036,www.bbc.com
2037,dailybuzzlive.com
2038,www.nytimes.com
2039,www.reuters.com
2040,www.reuters.com
2041,beforeitsnews.com
2042,money.cnn.com
2043,edition.cnn.com
2044,abcnews.go.com
2045,beforeitsnews.com
2046,beforeitsnews.com
2047,www.activistpost.com
2048,beforeitsnews.com
2049,beforeitsnews.com
2050,beforeitsnews.com
2051,beforeitsnews.com
2052,beforeitsnews.com
2053,www.activistpost.com
2054,www.nytimes.com
2055,beforeitsnews.com
2056,beforeitsnews.com
2057,dailybuzzlive.com
2058,beforeitsnews.com
2059,beforeitsnews.com
2060,www.nytimes.com
2061,www.cnn.com
2062,beforeitsnews.com
2063,beforeitsnews.com
2064,beforeitsnews.com
2065,www.reuters.com
2066,beforeitsnews.com
2067,beforeitsnews.com
2068,inhealth.cnn.com
2069,beforeitsnews.com
2070,www.cnn.com
2071,www.reuters.com
2072,www.reuters.com
2073,beforeitsnews.com
2074,www.nytimes.com
2075,www.bbc.com
2076,beforeitsnews.com
2077,beforeitsnews.com
2078,beforeitsnews.com
2079,beforeitsnews.com
2080,www.cnn.com
2081,www.bbc.com
2082,beforeitsnews.com
2083,www.cnn.com
2084,beforeitsnews.com
2085,www.cnn.com
2086,abcnews.go.com
2087,beforeitsnews.com
2088,www.reuters.com
2089,beforeitsnews.com
2090,www.reuters.com
2091,beforeitsnews.com
2092,beforeitsnews.com
2093,beforeitsnews.com
2094,beforeitsnews.com
2095,www.reuters.com
2096,beforeitsnews.com
2097,beforeitsnews.com
2098,www.activistpost.com
2099,www.activistpost.com
2100,www.reuters.com
2101,beforeitsnews.com
2102,beforeitsnews.com
2103,www.activistpost.com
2104,www.nytimes.com
2105,www.nytimes.com
2106,www.activistpost.com
2107,beforeitsnews.com
2108,www.nytimes.com
2109,beforeitsnews.com
2110,www.bbc.com
2111,www.reuters.com
2112,www.cnn.com
2113,www.nytimes.com
2114,www.activistpost.com
2115,beforeitsnews.com
2116,dailybuzzlive.com
2117,beforeitsnews.com
2118,www.reuters.com
2119,beforeitsnews.com
2120,www.bbc.com
2121,abcnews.go.com
2122,beforeitsnews.com
2123,www.reuters.com
2124,beforeitsnews.com
2125,www.cnn.com
2126,www.reuters.com
2127,beforeitsnews.com
2128,www.reuters.com
2129,beforeitsnews.com
2130,beforeitsnews.com
2131,beforeitsnews.com
2132,beforeitsnews.com
2133,beforeitsnews.com
2134,beforeitsnews.com
2135,beforeitsnews.com
2136,beforeitsnews.com
2137,beforeitsnews.com
2138,beforeitsnews.com
2139,beforeitsnews.com
2140,www.reuters.com
2141,www.reuters.com
2142,edition.cnn.com
2143,beforeitsnews.com
2144,www.disclose.tv
2145,www.activistpost.com
2146,www.nytimes.com
2147,beforeitsnews.com
2148,www.bbc.com
2149,www.bbc.com
2150,www.nytimes.com
2151,beforeitsnews.com
2152,www.cnn.com
2153,beforeitsnews.com
2154,www.cnn.com
2155,www.cnn.com
2156,www.reuters.com
2157,www.nytimes.com
2158,beforeitsnews.com
2159,beforeitsnews.com
2160,beforeitsnews.com
2161,www.reuters.com
2162,www.activistpost.com
2163,www.cnn.com
2164,www.bbc.com
2165,www.bbc.com
2166,www.nytimes.com
2167,www.reuters.com
2168,www.reuters.com
2169,www.nytimes.com
2170,beforeitsnews.com
2171,beforeitsnews.com
2172,www.nytimes.com
2173,www.cnn.com
2174,beforeitsnews.com
2175,beforeitsnews.com
2176,www.cnn.com
2177,www.reuters.com
2178,beforeitsnews.com
2179,www.reuters.com
2180,www.reuters.com
2181,www.cnn.com
2182,beforeitsnews.com
2183,www.reuters.com
2184,beforeitsnews.com
2185,www.activistpost.com
2186,beforeitsnews.com
2187,beforeitsnews.com
2188,beforeitsnews.com
2189,abcnews.go.com
2190,beforeitsnews.com
2191,www.reuters.com
2192,www.reuters.com
2193,beforeitsnews.com
2194,beforeitsnews.com
2195,www.reuters.com
2196,www.cnn.com
2197,beforeitsnews.com
2198,www.nytimes.com
2199,beforeitsnews.com
2200,beforeitsnews.com
2201,beforeitsnews.com
2202,beforeitsnews.com
2203,www.cnn.com
2204,beforeitsnews.com
2205,beforeitsnews.com
2206,www.activistpost.com
2207,www.nytimes.com
2208,www.reuters.com
2209,beforeitsnews.com
2210,beforeitsnews.com
2211,www.reuters.com
2212,www.reuters.com
2213,www.disclose.tv
2214,beforeitsnews.com
2215,www.nytimes.com
2216,beforeitsnews.com
2217,www.cnn.com
2218,www.reuters.com
2219,www.cnn.com
2220,www.cnn.com
2221,www.reuters.com
2222,www.cnn.com
2223,www.cnn.com
2224,www.activistpost.com
2225,www.activistpost.com
2226,www.nytimes.com
2227,beforeitsnews.com
2228,beforeitsnews.com
2229,beforeitsnews.com
2230,www.bbc.com
2231,beforeitsnews.com
2232,beforeitsnews.com
2233,beforeitsnews.com
2234,www.nytimes.com
2235,www.reuters.com
2236,www.reuters.com
2237,www.reuters.com
2238,beforeitsnews.com
2239,www.reuters.com
2240,beforeitsnews.com
2241,www.activistpost.com
2242,beforeitsnews.com
2243,beforeitsnews.com
2244,beforeitsnews.com
2245,beforeitsnews.com
2246,www.cnn.com
2247,dailybuzzlive.com
2248,www.bbc.com
2249,beforeitsnews.com
2250,www.cnn.com
2251,www.cnn.com
2252,beforeitsnews.com
2253,beforeitsnews.com
2254,www.activistpost.com
2255,beforeitsnews.com
2256,beforeitsnews.com
2257,beforeitsnews.com
2258,beforeitsnews.com
2259,www.nytimes.com
2260,www.cnn.com
2261,beforeitsnews.com
2262,beforeitsnews.com
2263,beforeitsnews.com
2264,money.cnn.com
2265,dailybuzzlive.com
2266,www.reuters.com
2267,beforeitsnews.com
2268,beforeitsnews.com
2269,www.reuters.com
2270,beforeitsnews.com
2271,www.cnn.com
2272,www.nytimes.com
2273,beforeitsnews.com
2274,www.nytimes.com
2275,www.nytimes.com
2276,beforeitsnews.com
2277,www.cnn.com
2278,www.reuters.com
2279,beforeitsnews.com
2280,www.disclose.tv
2281,beforeitsnews.com
2282,beforeitsnews.com
2283,www.bbc.co.uk
2284,www.cnn.com
2285,beforeitsnews.com
2286,www.reuters.com
2287,beforeitsnews.com
2288,beforeitsnews.com
2289,www.reuters.com
2290,www.cnn.com
2291,beforeitsnews.com
2292,www.nytimes.com
2293,www.activistpost.com
2294,beforeitsnews.com
2295,www.reuters.com
2296,money.cnn.com
2297,www.reuters.com
2298,www.reuters.com
2299,www.reuters.com
2300,beforeitsnews.com
2301,beforeitsnews.com
2302,www.activistpost.com
2303,beforeitsnews.com
2304,beforeitsnews.com
2305,www.reuters.com
2306,beforeitsnews.com
2307,www.activistpost.com
2308,www.reuters.com
2309,beforeitsnews.com
2310,www.bbc.com
2311,www.nytimes.com
2312,beforeitsnews.com
2313,www.bbc.com
2314,www.bbc.com
2315,beforeitsnews.com
2316,beforeitsnews.com
2317,beforeitsnews.com
2318,beforeitsnews.com
2319,www.nytimes.com
2320,www.nytimes.com
2321,beforeitsnews.com
2322,beforeitsnews.com
2323,beforeitsnews.com
2324,www.nytimes.com
2325,beforeitsnews.com
2326,www.reuters.com
2327,beforeitsnews.com
2328,beforeitsnews.com
2329,beforeitsnews.com
2330,abcnews.go.com
2331,beforeitsnews.com
2332,www.nytimes.com
2333,www.bbc.com
2334,www.nytimes.com
2335,beforeitsnews.com
2336,beforeitsnews.com
2337,beforeitsnews.com
2338,www.reuters.com
2339,www.bbc.com
2340,inhealth.cnn.com
2341,www.activistpost.com
2342,www.bbc.com
2343,www.activistpost.com
2344,www.cnn.com
2345,dailybuzzlive.com
2346,www.reuters.com
2347,www.cnn.com
2348,beforeitsnews.com
2349,beforeitsnews.com
2350,inhealth.cnn.com
2351,beforeitsnews.com
2352,www.cnn.com
2353,beforeitsnews.com
2354,beforeitsnews.com
2355,www.cnn.com
2356,www.bbc.com
2357,beforeitsnews.com
2358,www.reuters.com
2359,www.reuters.com
2360,www.reuters.com
2361,beforeitsnews.com
2362,www.activistpost.com
2363,www.bbc.com
2364,beforeitsnews.com
2365,www.reuters.com
2366,beforeitsnews.com
2367,beforeitsnews.com
2368,beforeitsnews.com
2369,beforeitsnews.com
2370,beforeitsnews.com
2371,www.activistpost.com
2372,www.nytimes.com
2373,beforeitsnews.com
2374,beforeitsnews.com
2375,beforeitsnews.com
2376,www.reuters.com
2377,www.reuters.com
2378,www.bbc.com
2379,beforeitsnews.com
2380,beforeitsnews.com
2381,beforeitsnews.com
2382,dailybuzzlive.com
2383,beforeitsnews.com
2384,beforeitsnews.com
2385,www.bbc.com
2386,www.bbc.com
2387,beforeitsnews.com
2388,beforeitsnews.com
2389,beforeitsnews.com
2390,www.cnn.com
2391,www.reuters.com
2392,www.bbc.com
2393,beforeitsnews.com
2394,beforeitsnews.com
2395,beforeitsnews.com
2396,beforeitsnews.com
2397,www.disclose.tv
2398,beforeitsnews.com
2399,www.reuters.com
2400,www.activistpost.com
2401,www.activistpost.com
2402,www.cnn.com
2403,www.nytimes.com
2404,www.bbc.com
2405,www.reuters.com
2406,www.cnn.com
2407,www.reuters.com
2408,www.reuters.com
2409,www.bbc.com
2410,dailybuzzlive.com
2411,www.reuters.com
2412,www.reuters.com
2413,abcnews.go.com
2414,beforeitsnews.com
2415,www.reuters.com
2416,www.reuters.com
2417,beforeitsnews.com
2418,beforeitsnews.com
2419,beforeitsnews.com
2420,dailybuzzlive.com
2421,beforeitsnews.com
2422,www.bbc.com
2423,www.bbc.com
2424,beforeitsnews.com
2425,www.nytimes.com
2426,www.reuters.com
2427,money.cnn.com
2428,beforeitsnews.com
2429,beforeitsnews.com
2430,beforeitsnews.com
2431,www.activistpost.com
2432,beforeitsnews.com
2433,beforeitsnews.com
2434,beforeitsnews.com
2435,www.activistpost.com
2436,beforeitsnews.com
2437,www.nytimes.com
2438,www.reuters.com
2439,dailybuzzlive.com
2440,www.reuters.com
2441,www.activistpost.com
2442,www.reuters.com
2443,clarivate.com
2444,beforeitsnews.com
2445,www.reuters.com
2446,www.bbc.com
2447,beforeitsnews.com
2448,www.activistpost.com
2449,www.reuters.com
2450,beforeitsnews.com
2451,www.reuters.com
2452,www.activistpost.com
2453,www.reuters.com
2454,beforeitsnews.com
2455,www.bbc.com
2456,beforeitsnews.com
2457,beforeitsnews.com
2458,www.cnn.com
2459,dailybuzzlive.com
2460,www.activistpost.com
2461,www.reuters.com
2462,www.nytimes.com
2463,www.bbc.com
2464,www.nytimes.com
2465,www.activistpost.com
2466,dailybuzzlive.com
2467,bleacherreport.com
2468,www.bbc.com
2469,www.cnn.com
2470,www.bbc.com
2471,www.bbc.co.uk
2472,www.nytimes.com
2473,www.bbc.com
2474,beforeitsnews.com
2475,www.cnn.com
2476,www.reuters.com
2477,www.bbc.com
2478,www.bbc.com
2479,www.reuters.com
2480,www.cnn.com
2481,dailybuzzlive.com
2482,beforeitsnews.com
2483,www.bbc.com
2484,www.cnn.com
2485,beforeitsnews.com
2486,beforeitsnews.com
2487,abcnews.go.com
2488,www.nytimes.com
2489,beforeitsnews.com
2490,beforeitsnews.com
2491,beforeitsnews.com
2492,www.reuters.com
2493,beforeitsnews.com
2494,beforeitsnews.com
2495,www.nytimes.com
2496,beforeitsnews.com
2497,www.reuters.com
2498,www.nytimes.com
2499,beforeitsnews.com
2500,www.nytimes.com
2501,www.reuters.com
2502,www.cnn.com
2503,www.reuters.com
2504,www.bbc.com
2505,www.reuters.com
2506,www.reuters.com
2507,www.reuters.com
2508,beforeitsnews.com
2509,beforeitsnews.com
2510,www.disclose.tv
2511,beforeitsnews.com
2512,www.reuters.com
2513,beforeitsnews.com
2514,www.reuters.com
2515,beforeitsnews.com
2516,beforeitsnews.com
2517,dailybuzzlive.com
2518,www.reuters.com
2519,dailybuzzlive.com
2520,www.reuters.com
2521,www.reuters.com
2522,www.cnn.com
2523,www.bbc.com
2524,www.nytimes.com
2525,www.reuters.com
2526,beforeitsnews.com
2527,www.reuters.com
2528,beforeitsnews.com
2529,www.reuters.com
2530,dailybuzzlive.com
2531,beforeitsnews.com
2532,www.reuters.com
2533,www.bbc.com
2534,www.activistpost.com
2535,www.reuters.com
2536,edition.cnn.com
2537,www.reuters.com
2538,beforeitsnews.com
2539,www.nytimes.com
2540,beforeitsnews.com
2541,beforeitsnews.com
2542,www.bbc.com
2543,www.bbc.com
2544,www.bbc.com
2545,www.activistpost.com
2546,www.cnn.com
2547,www.reuters.com
2548,beforeitsnews.com
2549,money.cnn.com
2550,beforeitsnews.com
2551,beforeitsnews.com
2552,beforeitsnews.com
2553,beforeitsnews.com
2554,beforeitsnews.com
2555,www.reuters.com
2556,money.cnn.com
2557,www.bbc.com
2558,www.activistpost.com
2559,beforeitsnews.com
2560,dailybuzzlive.com
2561,beforeitsnews.com
2562,www.reuters.com
2563,beforeitsnews.com
2564,abcnews.go.com
2565,beforeitsnews.com
2566,beforeitsnews.com
2567,www.reuters.com
2568,beforeitsnews.com
2569,beforeitsnews.com
2570,www.bbc.co.uk
2571,beforeitsnews.com
2572,www.cnn.com
2573,www.nytimes.com
2574,beforeitsnews.com
2575,beforeitsnews.com
2576,www.nytimes.com
2577,beforeitsnews.com
2578,www.activistpost.com
2579,beforeitsnews.com
2580,www.reuters.com
2581,www.cnn.com
2582,dailybuzzlive.com
2583,www.activistpost.com
2584,www.reuters.com
2585,beforeitsnews.com
2586,beforeitsnews.com
2587,money.cnn.com
2588,beforeitsnews.com
2589,www.cnn.com
2590,www.cnn.com
2591,beforeitsnews.com
2592,www.activistpost.com
2593,www.bbc.com
2594,beforeitsnews.com
2595,beforeitsnews.com
2596,www.reuters.com
2597,www.activistpost.com
2598,beforeitsnews.com
2599,beforeitsnews.com
2600,beforeitsnews.com
2601,beforeitsnews.com
2602,beforeitsnews.com
2603,www.cnn.com
2604,beforeitsnews.com
2605,beforeitsnews.com
2606,beforeitsnews.com
2607,www.nytimes.com
2608,beforeitsnews.com
2609,www.reuters.com
2610,beforeitsnews.com
2611,money.cnn.com
2612,dailybuzzlive.com
2613,www.activistpost.com
2614,beforeitsnews.com
2615,www.activistpost.com
2616,www.nytimes.com
2617,www.nytimes.com
2618,www.cnn.com
2619,beforeitsnews.com
2620,beforeitsnews.com
2621,beforeitsnews.com
2622,beforeitsnews.com
2623,www.cnn.com
2624,dailybuzzlive.com
2625,www.cnn.com
2626,www.disclose.tv
2627,beforeitsnews.com
2628,www.cnn.com
2629,beforeitsnews.com
2630,beforeitsnews.com
2631,www.reuters.com
2632,www.cnn.com
2633,www.nytimes.com
2634,www.nytimes.com
2635,www.reuters.com
2636,www.cnn.com
2637,beforeitsnews.com
2638,www.activistpost.com
2639,beforeitsnews.com
2640,www.bbc.com
2641,www.cnn.com
2642,www.activistpost.com
2643,beforeitsnews.com
2644,www.cnn.com
2645,www.cnn.com
2646,www.nytimes.com
2647,beforeitsnews.com
2648,www.nytimes.com
2649,www.bbc.co.uk
2650,www.cnn.com
2651,beforeitsnews.com
2652,www.cnn.com
2653,www.cnn.com
2654,www.nytimes.com
2655,www.nytimes.com
2656,beforeitsnews.com
2657,dailybuzzlive.com
2658,www.bbc.com
2659,beforeitsnews.com
2660,beforeitsnews.com
2661,beforeitsnews.com
2662,beforeitsnews.com
2663,www.cnn.com
2664,www.reuters.com
2665,beforeitsnews.com
2666,beforeitsnews.com
2667,www.reuters.com
2668,www.reuters.com
2669,money.cnn.com
2670,beforeitsnews.com
2671,www.reuters.com
2672,www.nytimes.com
2673,beforeitsnews.com
2674,www.reuters.com
2675,www.reuters.com
2676,www.bbc.com
2677,beforeitsnews.com
2678,www.disclose.tv
2679,www.activistpost.com
2680,www.reuters.com
2681,beforeitsnews.com
2682,beforeitsnews.com
2683,beforeitsnews.com
2684,www.activistpost.com
2685,money.cnn.com
2686,beforeitsnews.com
2687,www.activistpost.com
2688,www.reuters.com
2689,beforeitsnews.com
2690,beforeitsnews.com
2691,beforeitsnews.com
2692,www.activistpost.com
2693,www.activistpost.com
2694,beforeitsnews.com
2695,beforeitsnews.com
2696,www.reuters.com
2697,www.cnn.com
2698,www.bbc.com
2699,beforeitsnews.com
2700,dailybuzzlive.com
2701,beforeitsnews.com
2702,www.reuters.com
2703,beforeitsnews.com
2704,www.cnn.com
2705,beforeitsnews.com
2706,www.cnn.com
2707,beforeitsnews.com
2708,www.bbc.com
2709,beforeitsnews.com
2710,beforeitsnews.com
2711,beforeitsnews.com
2712,www.reuters.com
2713,www.cnn.com
2714,beforeitsnews.com
2715,beforeitsnews.com
2716,beforeitsnews.com
2717,www.activistpost.com
2718,beforeitsnews.com
2719,beforeitsnews.com
2720,beforeitsnews.com
2721,beforeitsnews.com
2722,www.reuters.com
2723,beforeitsnews.com
2724,beforeitsnews.com
2725,beforeitsnews.com
2726,www.bbc.com
2727,www.bbc.com
2728,www.reuters.com
2729,www.reuters.com
2730,www.reuters.com
2731,www.reuters.com
2732,www.reuters.com
2733,www.cnn.com
2734,beforeitsnews.com
2735,beforeitsnews.com
2736,beforeitsnews.com
2737,beforeitsnews.com
2738,www.cnn.com
2739,beforeitsnews.com
2740,www.nytimes.com
2741,beforeitsnews.com
2742,www.reuters.com
2743,www.activistpost.com
2744,beforeitsnews.com
2745,www.reuters.com
2746,www.reuters.com
2747,www.bbc.com
2748,www.activistpost.com
2749,www.disclose.tv
2750,www.reuters.com
2751,www.bbc.com
2752,www.cnn.com
2753,beforeitsnews.com
2754,beforeitsnews.com
2755,beforeitsnews.com
2756,www.nytimes.com
2757,beforeitsnews.com
2758,beforeitsnews.com
2759,www.disclose.tv
2760,beforeitsnews.com
2761,beforeitsnews.com
2762,beforeitsnews.com
2763,beforeitsnews.com
2764,www.reuters.com
2765,www.activistpost.com
2766,beforeitsnews.com
2767,beforeitsnews.com
2768,inhealth.cnn.com
2769,beforeitsnews.com
2770,www.nytimes.com
2771,www.reuters.com
2772,beforeitsnews.com
2773,www.nytimes.com
2774,www.nytimes.com
2775,beforeitsnews.com
2776,www.reuters.com
2777,www.cnn.com
2778,www.reuters.com
2779,beforeitsnews.com
2780,www.reuters.com
2781,www.cnn.com
2782,www.cnn.com
2783,dailybuzzlive.com
2784,beforeitsnews.com
2785,beforeitsnews.com
2786,www.activistpost.com
2787,www.cnn.com
2788,www.cnn.com
2789,www.bbc.com
2790,www.nytimes.com
2791,beforeitsnews.com
2792,beforeitsnews.com
2793,www.activistpost.com
2794,beforeitsnews.com
2795,www.reuters.com
2796,beforeitsnews.com
2797,www.disclose.tv
2798,beforeitsnews.com
2799,www.cnn.com
2800,www.bbc.com
2801,beforeitsnews.com
2802,www.bbc.com
2803,beforeitsnews.com
2804,beforeitsnews.com
2805,beforeitsnews.com
2806,www.disclose.tv
2807,beforeitsnews.com
2808,beforeitsnews.com
2809,www.reuters.com
2810,beforeitsnews.com
2811,www.reuters.com
2812,www.reuters.com
2813,www.nytimes.com
2814,www.bbc.com
2815,beforeitsnews.com
2816,beforeitsnews.com
2817,www.reuters.com
2818,www.bbc.com
2819,www.bbc.com
2820,www.cnn.com
2821,www.activistpost.com
2822,beforeitsnews.com
2823,www.reuters.com
2824,beforeitsnews.com
2825,www.cnn.com
2826,www.nytimes.com
2827,beforeitsnews.com
2828,beforeitsnews.com
2829,beforeitsnews.com
2830,beforeitsnews.com
2831,dailybuzzlive.com
2832,www.bbc.com
2833,www.activistpost.com
2834,www.nytimes.com
2835,www.cnn.com
2836,www.activistpost.com
2837,www.bbc.com
2838,www.bbc.com
2839,www.reuters.com
2840,beforeitsnews.com
2841,beforeitsnews.com
2842,www.cnn.com
2843,www.reuters.com
2844,www.disclose.tv
2845,dailybuzzlive.com
2846,dailybuzzlive.com
2847,www.activistpost.com
2848,beforeitsnews.com
2849,www.cnn.com
2850,beforeitsnews.com
2851,www.reuters.com
2852,beforeitsnews.com
2853,www.bbc.com
2854,beforeitsnews.com
2855,www.reuters.com
2856,www.bbc.com
2857,beforeitsnews.com
2858,beforeitsnews.com
2859,beforeitsnews.com
2860,www.reuters.com
2861,beforeitsnews.com
2862,beforeitsnews.com
2863,beforeitsnews.com
2864,beforeitsnews.com
2865,beforeitsnews.com
2866,www.reuters.com
2867,www.reuters.com
2868,beforeitsnews.com
2869,www.nytimes.com
2870,www.cnn.com
2871,beforeitsnews.com
2872,www.bbc.com
2873,beforeitsnews.com
2874,beforeitsnews.com
2875,www.disclose.tv
2876,beforeitsnews.com
2877,dailybuzzlive.com
2878,www.reuters.com
2879,beforeitsnews.com
2880,beforeitsnews.com
2881,beforeitsnews.com
2882,beforeitsnews.com
2883,beforeitsnews.com
2884,www.nytimes.com
2885,www.activistpost.com
2886,beforeitsnews.com
2887,beforeitsnews.com
2888,www.nytimes.com
2889,www.bbc.com
2890,www.activistpost.com
2891,beforeitsnews.com
2892,www.reuters.com
2893,www.reuters.com
2894,abcnews.go.com
2895,beforeitsnews.com
2896,www.nytimes.com
2897,beforeitsnews.com
2898,www.bbc.com
2899,beforeitsnews.com
2900,beforeitsnews.com
2901,www.bbc.com
2902,www.disclose.tv
2903,www.nytimes.com
2904,beforeitsnews.com
2905,beforeitsnews.com
2906,beforeitsnews.com
2907,beforeitsnews.com
2908,beforeitsnews.com
2909,beforeitsnews.com
2910,www.nytimes.com
2911,www.reuters.com
2912,beforeitsnews.com
2913,www.bbc.com
2914,money.cnn.com
2915,www.reuters.com
2916,beforeitsnews.com
2917,www.reuters.com
2918,www.activistpost.com
2919,www.cnn.com
2920,beforeitsnews.com
2921,beforeitsnews.com
2922,www.reuters.com
2923,www.reuters.com
2924,www.cnn.com
2925,beforeitsnews.com
2926,www.bbc.com
2927,www.nytimes.com
2928,beforeitsnews.com
2929,beforeitsnews.com
2930,beforeitsnews.com
2931,www.reuters.com
2932,dailybuzzlive.com
2933,beforeitsnews.com
2934,beforeitsnews.com
2935,www.reuters.com
2936,www.reuters.com
2937,beforeitsnews.com
2938,beforeitsnews.com
2939,www.activistpost.com
2940,beforeitsnews.com
2941,beforeitsnews.com
2942,www.cnn.com
2943,www.disclose.tv
2944,www.reuters.com
2945,www.cnn.com
2946,www.reuters.com
2947,www.nytimes.com
2948,beforeitsnews.com
2949,www.reuters.com
2950,beforeitsnews.com
2951,beforeitsnews.com
2952,www.reuters.com
2953,beforeitsnews.com
2954,beforeitsnews.com
2955,beforeitsnews.com
2956,www.reuters.com
2957,beforeitsnews.com
2958,www.nytimes.com
2959,beforeitsnews.com
2960,www.bbc.com
2961,www.cnn.com
2962,www.activistpost.com
2963,www.reuters.com
2964,www.nytimes.com
2965,www.bbc.com
2966,www.reuters.com
2967,www.reuters.com
2968,beforeitsnews.com
2969,www.reuters.com
2970,www.activistpost.com
2971,beforeitsnews.com
2972,www.nytimes.com
2973,www.bbc.com
2974,beforeitsnews.com
2975,www.cnn.com
2976,beforeitsnews.com
2977,www.activistpost.com
2978,dailybuzzlive.com
2979,beforeitsnews.com
2980,www.cnn.com
2981,beforeitsnews.com
2982,beforeitsnews.com
2983,beforeitsnews.com
2984,beforeitsnews.com
2985,beforeitsnews.com
2986,beforeitsnews.com
2987,beforeitsnews.com
2988,beforeitsnews.com
2989,beforeitsnews.com
2990,www.reuters.com
2991,beforeitsnews.com
2992,www.reuters.com
2993,www.activistpost.com
2994,beforeitsnews.com
2995,www.reuters.com
2996,www.bbc.com
2997,www.reuters.com
2998,www.nytimes.com
2999,www.reuters.com
3000,www.nytimes.com
3001,www.cnn.com
3002,beforeitsnews.com
3003,www.nytimes.com
3004,beforeitsnews.com
3005,www.reuters.com
3006,www.activistpost.com
3007,www.bbc.com
3008,www.reuters.com
3009,www.reuters.com
3010,beforeitsnews.com
3011,beforeitsnews.com
3012,www.bbc.com
3013,beforeitsnews.com
3014,www.reuters.com
3015,beforeitsnews.com
3016,beforeitsnews.com
3017,beforeitsnews.com
3018,www.nytimes.com
3019,www.activistpost.com
3020,dailybuzzlive.com
3021,beforeitsnews.com
3022,beforeitsnews.com
3023,beforeitsnews.com
3024,www.reuters.com
3025,beforeitsnews.com
3026,www.reuters.com
3027,www.nytimes.com
3028,www.activistpost.com
3029,www.nytimes.com
3030,www.activistpost.com
3031,www.cnn.com
3032,beforeitsnews.com
3033,www.activistpost.com
3034,beforeitsnews.com
3035,www.activistpost.com
3036,beforeitsnews.com
3037,www.reuters.com
3038,beforeitsnews.com
3039,www.reuters.com
3040,beforeitsnews.com
3041,www.activistpost.com
3042,www.reuters.com
3043,dailybuzzlive.com
3044,beforeitsnews.com
3045,www.reuters.com
3046,inhealth.cnn.com
3047,www.reuters.com
3048,www.reuters.com
3049,www.reuters.com
3050,beforeitsnews.com
3051,www.reuters.com
3052,beforeitsnews.com
3053,beforeitsnews.com
3054,www.reuters.com
3055,beforeitsnews.com
3056,beforeitsnews.com
3057,beforeitsnews.com
3058,beforeitsnews.com
3059,beforeitsnews.com
3060,beforeitsnews.com
3061,beforeitsnews.com
3062,beforeitsnews.com
3063,www.reuters.com
3064,beforeitsnews.com
3065,www.nytimes.com
3066,beforeitsnews.com
3067,www.reuters.com
3068,beforeitsnews.com
3069,beforeitsnews.com
3070,beforeitsnews.com
3071,beforeitsnews.com
3072,www.activistpost.com
3073,www.nytimes.com
3074,www.reuters.com
3075,beforeitsnews.com
3076,beforeitsnews.com
3077,beforeitsnews.com
3078,beforeitsnews.com
3079,www.nytimes.com
3080,www.cnn.com
3081,www.reuters.com
3082,beforeitsnews.com
3083,www.cnn.com
3084,www.bbc.com
3085,www.bbc.com
3086,beforeitsnews.com
3087,beforeitsnews.com
3088,www.cnn.com
3089,www.bbc.com
3090,beforeitsnews.com
3091,beforeitsnews.com
3092,abcnews.go.com
3093,www.reuters.com
3094,beforeitsnews.com
3095,www.cnn.com
3096,www.cnn.com
3097,www.activistpost.com
3098,www.reuters.com
3099,beforeitsnews.com
3100,www.nytimes.com
3101,www.nytimes.com
3102,beforeitsnews.com
3103,www.reuters.com
3104,beforeitsnews.com
3105,www.cnn.com
3106,beforeitsnews.com
3107,beforeitsnews.com
3108,www.nytimes.com
3109,beforeitsnews.com
3110,www.bbc.com
3111,abcnews.go.com
3112,www.disclose.tv
3113,www.reuters.com
3114,beforeitsnews.com
3115,beforeitsnews.com
3116,money.cnn.com
3117,beforeitsnews.com
3118,www.bbc.com
3119,www.disclose.tv
3120,www.reuters.com
3121,www.disclose.tv
3122,www.nytimes.com
3123,www.activistpost.com
3124,beforeitsnews.com
3125,dailybuzzlive.com
3126,www.nytimes.com
3127,beforeitsnews.com
3128,beforeitsnews.com
3129,beforeitsnews.com
3130,beforeitsnews.com
3131,beforeitsnews.com
3132,www.reuters.com
3133,beforeitsnews.com
3134,www.cnn.com
3135,www.activistpost.com
3136,www.reuters.com
3137,beforeitsnews.com
3138,www.activistpost.com
3139,www.cnn.com
3140,www.bbc.com
3141,www.reuters.com
3142,www.bbc.com
3143,beforeitsnews.com
3144,beforeitsnews.com
3145,www.reuters.com
3146,www.reuters.com
3147,www.nytimes.com
3148,www.nytimes.com
3149,beforeitsnews.com
3150,www.reuters.com
3151,www.disclose.tv
3152,www.bbc.com
3153,www.cnn.com
3154,www.bbc.com
3155,www.cnn.com
3156,beforeitsnews.com
3157,beforeitsnews.com
3158,www.activistpost.com
3159,beforeitsnews.com
3160,www.nytimes.com
3161,beforeitsnews.com
3162,money.cnn.com
3163,www.reuters.com
3164,www.reuters.com
3165,www.nytimes.com
3166,www.activistpost.com
3167,www.bbc.com
3168,www.disclose.tv
3169,www.reuters.com
3170,www.cnn.com
3171,abcnews.go.com
3172,www.bbc.com
3173,beforeitsnews.com
3174,www.reuters.com
3175,beforeitsnews.com
3176,www.cnn.com
3177,www.cnn.com
3178,www.activistpost.com
3179,beforeitsnews.com
3180,www.nytimes.com
3181,beforeitsnews.com
3182,beforeitsnews.com
3183,www.cnn.com
3184,www.reuters.com
3185,www.cnn.com
3186,beforeitsnews.com
3187,www.nytimes.com
3188,www.cnn.com
3189,beforeitsnews.com
3190,beforeitsnews.com
3191,www.reuters.com
3192,beforeitsnews.com
3193,www.bbc.com
3194,www.reuters.com
3195,www.reuters.com
3196,www.reuters.com
3197,www.cnn.com
3198,www.cnn.com
3199,www.activistpost.com
3200,beforeitsnews.com
3201,www.reuters.com
3202,beforeitsnews.com
3203,www.bbc.com
3204,www.reuters.com
3205,beforeitsnews.com
3206,www.bbc.com
3207,beforeitsnews.com
3208,www.reuters.com
3209,beforeitsnews.com
3210,www.activistpost.com
3211,beforeitsnews.com
3212,beforeitsnews.com
3213,money.cnn.com
3214,www.cnn.com
3215,www.bbc.com
3216,www.disclose.tv
3217,beforeitsnews.com
3218,www.reuters.com
3219,www.activistpost.com
3220,www.cnn.com
3221,beforeitsnews.com
3222,beforeitsnews.com
3223,www.reuters.com
3224,beforeitsnews.com
3225,www.reuters.com
3226,beforeitsnews.com
3227,www.reuters.com
3228,www.nytimes.com
3229,www.nytimes.com
3230,www.nytimes.com
3231,www.nytimes.com
3232,beforeitsnews.com
3233,abcnews.go.com
3234,beforeitsnews.com
3235,www.reuters.com
3236,www.nytimes.com
3237,www.bbc.com
3238,beforeitsnews.com
3239,www.bbc.com
3240,dailybuzzlive.com
3241,www.reuters.com
3242,www.reuters.com
3243,beforeitsnews.com
3244,api.content-ad.net
3245,beforeitsnews.com
3246,www.disclose.tv
3247,www.nytimes.com
3248,www.cnn.com
3249,beforeitsnews.com
3250,beforeitsnews.com
3251,beforeitsnews.com
3252,beforeitsnews.com
3253,beforeitsnews.com
3254,www.cnn.com
3255,www.nytimes.com
3256,www.cnn.com
3257,www.nytimes.com
3258,www.cnn.com
3259,www.activistpost.com
3260,dailybuzzlive.com
3261,beforeitsnews.com
3262,www.reuters.com
3263,beforeitsnews.com
3264,beforeitsnews.com
3265,www.reuters.com
3266,beforeitsnews.com
3267,www.nytimes.com
3268,beforeitsnews.com
3269,www.bbc.com
3270,www.cnn.com
3271,www.reuters.com
3272,dailybuzzlive.com
3273,beforeitsnews.com
3274,www.cnn.com
3275,beforeitsnews.com
3276,www.cnn.com
3277,beforeitsnews.com
3278,beforeitsnews.com
3279,beforeitsnews.com
3280,www.bbc.com
3281,money.cnn.com
3282,www.reuters.com
3283,beforeitsnews.com
3284,www.disclose.tv
3285,www.cnn.com
3286,beforeitsnews.com
3287,www.cnn.com
3288,www.cnn.com
3289,abcnews.go.com
3290,www.reuters.com
3291,www.reuters.com
3292,www.reuters.com
3293,www.bbc.com
3294,beforeitsnews.com
3295,www.cnn.com
3296,beforeitsnews.com
3297,beforeitsnews.com
3298,cnn.it
3299,www.reuters.com
3300,www.cnn.com
3301,beforeitsnews.com
3302,www.reuters.com
3303,www.nytimes.com
3304,beforeitsnews.com
3305,beforeitsnews.com
3306,www.reuters.com
3307,beforeitsnews.com
3308,www.bbc.com
3309,beforeitsnews.com
3310,www.bbc.com
3311,www.cnn.com
3312,beforeitsnews.com
3313,beforeitsnews.com
3314,beforeitsnews.com
3315,www.bbc.com
3316,beforeitsnews.com
3317,www.cnn.com
3318,www.bbc.com
3319,www.reuters.com
3320,www.reuters.com
3321,www.reuters.com
3322,www.activistpost.com
3323,beforeitsnews.com
3324,www.bbc.com
3325,beforeitsnews.com
3326,beforeitsnews.com
3327,beforeitsnews.com
3328,dailybuzzlive.com
3329,beforeitsnews.com
3330,www.cnn.com
3331,beforeitsnews.com
3332,beforeitsnews.com
3333,www.nytimes.com
3334,www.activistpost.com
3335,beforeitsnews.com
3336,beforeitsnews.com
3337,www.cnn.com
3338,www.reuters.com
3339,www.reuters.com
3340,www.cnn.com
3341,beforeitsnews.com
3342,beforeitsnews.com
3343,www.nytimes.com
3344,www.bbc.com
3345,www.reuters.com
3346,beforeitsnews.com
3347,beforeitsnews.com
3348,beforeitsnews.com
3349,beforeitsnews.com
3350,www.nytimes.com
3351,www.cnn.com
3352,beforeitsnews.com
3353,beforeitsnews.com
3354,beforeitsnews.com
3355,beforeitsnews.com
3356,www.activistpost.com
3357,beforeitsnews.com
3358,beforeitsnews.com
3359,beforeitsnews.com
3360,www.bbc.com
3361,www.reuters.com
3362,beforeitsnews.com
3363,beforeitsnews.com
3364,beforeitsnews.com
3365,beforeitsnews.com
3366,beforeitsnews.com
3367,www.disclose.tv
3368,beforeitsnews.com
3369,www.bbc.com
3370,beforeitsnews.com
3371,beforeitsnews.com
3372,www.activistpost.com
3373,beforeitsnews.com
3374,www.disclose.tv
3375,www.reuters.com
3376,beforeitsnews.com
3377,beforeitsnews.com
3378,www.bbc.com
3379,www.bbc.com
3380,beforeitsnews.com
3381,beforeitsnews.com
3382,www.bbc.com
3383,www.disclose.tv
3384,beforeitsnews.com
3385,www.cnn.com
3386,www.cnn.com
3387,www.bbc.com
3388,beforeitsnews.com
3389,www.bbc.com
3390,www.reuters.com
3391,www.reuters.com
3392,www.activistpost.com
3393,beforeitsnews.com
3394,www.nytimes.com
3395,www.bbc.com
3396,beforeitsnews.com
3397,www.cnn.com
3398,beforeitsnews.com
3399,www.reuters.com
3400,www.reuters.com
3401,www.nytimes.com
3402,www.bbc.com
3403,www.nytimes.com
3404,www.activistpost.com
3405,www.reuters.com
3406,www.reuters.com
3407,www.nytimes.com
3408,beforeitsnews.com
3409,www.bbc.com
3410,beforeitsnews.com
3411,www.nytimes.com
3412,www.reuters.com
3413,www.reuters.com
3414,www.cnn.com
3415,www.reuters.com
3416,beforeitsnews.com
3417,beforeitsnews.com
3418,beforeitsnews.com
3419,www.reuters.com
3420,www.reuters.com
3421,beforeitsnews.com
3422,www.reuters.com
3423,beforeitsnews.com
3424,beforeitsnews.com
3425,beforeitsnews.com
3426,beforeitsnews.com
3427,beforeitsnews.com
3428,beforeitsnews.com
3429,beforeitsnews.com
3430,www.reuters.com
3431,www.bbc.com
3432,www.nytimes.com
3433,www.nytimes.com
3434,www.cnn.com
3435,www.bbc.com
3436,beforeitsnews.com
3437,beforeitsnews.com
3438,www.reuters.com
3439,beforeitsnews.com
3440,www.reuters.com
3441,www.reuters.com
3442,www.reuters.com
3443,www.nytimes.com
3444,beforeitsnews.com
3445,www.reuters.com
3446,www.reuters.com
3447,www.nytimes.com
3448,beforeitsnews.com
3449,www.cnn.com
3450,www.activistpost.com
3451,www.reuters.com
3452,www.reuters.com
3453,beforeitsnews.com
3454,www.activistpost.com
3455,beforeitsnews.com
3456,www.nytimes.com
3457,www.nytimes.com
3458,dailybuzzlive.com
3459,www.nytimes.com
3460,www.reuters.com
3461,www.reuters.com
3462,beforeitsnews.com
3463,www.activistpost.com
3464,www.activistpost.com
3465,money.cnn.com
3466,beforeitsnews.com
3467,beforeitsnews.com
3468,beforeitsnews.com
3469,www.nytimes.com
3470,beforeitsnews.com
3471,beforeitsnews.com
3472,beforeitsnews.com
3473,beforeitsnews.com
3474,www.nytimes.com
3475,www.cnn.com
3476,beforeitsnews.com
3477,www.nytimes.com
3478,beforeitsnews.com
3479,www.cnn.com
3480,beforeitsnews.com
3481,www.nytimes.com
3482,beforeitsnews.com
3483,beforeitsnews.com
3484,www.activistpost.com
3485,beforeitsnews.com
3486,beforeitsnews.com
3487,beforeitsnews.com
3488,www.cnn.com
3489,beforeitsnews.com
3490,beforeitsnews.com
3491,beforeitsnews.com
3492,www.bbc.com
3493,www.nytimes.com
3494,www.reuters.com
3495,www.reuters.com
3496,www.reuters.com
3497,www.reuters.com
3498,beforeitsnews.com
3499,abcnews.go.com
3500,clarivate.com
3501,www.disclose.tv
3502,beforeitsnews.com
3503,beforeitsnews.com
3504,www.cnn.com
3505,beforeitsnews.com
3506,www.reuters.com
3507,www.activistpost.com
3508,www.bbc.com
3509,www.nytimes.com
3510,www.bbc.com
3511,www.activistpost.com
3512,www.reuters.com
3513,www.reuters.com
3514,beforeitsnews.com
3515,www.activistpost.com
3516,beforeitsnews.com
3517,beforeitsnews.com
3518,beforeitsnews.com
3519,dailybuzzlive.com
3520,www.reuters.com
3521,beforeitsnews.com
3522,beforeitsnews.com
3523,www.bbc.com
3524,beforeitsnews.com
3525,beforeitsnews.com
3526,www.activistpost.com
3527,www.cnn.com
3528,www.reuters.com
3529,beforeitsnews.com
3530,beforeitsnews.com
3531,dailybuzzlive.com
3532,www.nytimes.com
3533,www.nytimes.com
3534,www.reuters.com
3535,beforeitsnews.com
3536,beforeitsnews.com
3537,www.reuters.com
3538,www.activistpost.com
3539,beforeitsnews.com
3540,www.reuters.com
3541,money.cnn.com
3542,beforeitsnews.com
3543,www.reuters.com
3544,beforeitsnews.com
3545,dailybuzzlive.com
3546,www.reuters.com
3547,beforeitsnews.com
3548,www.bbc.com
3549,beforeitsnews.com
3550,www.cnn.com
3551,www.cnn.com
3552,beforeitsnews.com
3553,dailybuzzlive.com
3554,beforeitsnews.com
3555,beforeitsnews.com
3556,beforeitsnews.com
3557,beforeitsnews.com
3558,www.reuters.com
3559,www.reuters.com
3560,dailybuzzlive.com
3561,www.activistpost.com
3562,beforeitsnews.com
3563,beforeitsnews.com
3564,beforeitsnews.com
3565,www.activistpost.com
3566,beforeitsnews.com
3567,www.activistpost.com
3568,www.bbc.com
3569,beforeitsnews.com
3570,www.reuters.com
3571,money.cnn.com
3572,beforeitsnews.com
3573,www.nytimes.com
3574,beforeitsnews.com
3575,beforeitsnews.com
3576,www.activistpost.com
3577,www.reuters.com
3578,www.cnn.com
3579,beforeitsnews.com
3580,www.bbc.com
3581,beforeitsnews.com
3582,beforeitsnews.com
3583,www.reuters.com
3584,beforeitsnews.com
3585,beforeitsnews.com
3586,www.reuters.com
3587,beforeitsnews.com
3588,beforeitsnews.com
3589,www.activistpost.com
3590,beforeitsnews.com
3591,www.nytimes.com
3592,beforeitsnews.com
3593,www.activistpost.com
3594,www.reuters.com
3595,beforeitsnews.com
3596,beforeitsnews.com
3597,beforeitsnews.com
3598,beforeitsnews.com
3599,www.reuters.com
3600,www.cnn.com
3601,beforeitsnews.com
3602,www.activistpost.com
3603,beforeitsnews.com
3604,www.nytimes.com
3605,money.cnn.com
3606,beforeitsnews.com
3607,www.activistpost.com
3608,www.bbc.com
3609,www.activistpost.com
3610,beforeitsnews.com
3611,beforeitsnews.com
3612,www.disclose.tv
3613,www.disclose.tv
3614,beforeitsnews.com
3615,www.nytimes.com
3616,www.bbc.com
3617,beforeitsnews.com
3618,beforeitsnews.com
3619,www.bbc.com
3620,beforeitsnews.com
3621,www.nytimes.com
3622,beforeitsnews.com
3623,money.cnn.com
3624,www.cnn.com
3625,www.bbc.com
3626,beforeitsnews.com
3627,www.bbc.com
3628,www.bbc.com
3629,www.bbc.com
3630,beforeitsnews.com
3631,beforeitsnews.com
3632,www.reuters.com
3633,www.reuters.com
3634,beforeitsnews.com
3635,www.cnn.com
3636,beforeitsnews.com
3637,www.nytimes.com
3638,www.bbc.com
3639,beforeitsnews.com
3640,beforeitsnews.com
3641,beforeitsnews.com
3642,beforeitsnews.com
3643,www.bbc.com
3644,www.nytimes.com
3645,beforeitsnews.com
3646,www.bbc.com
3647,www.reuters.com
3648,beforeitsnews.com
3649,www.cnn.com
3650,www.nytimes.com
3651,beforeitsnews.com
3652,www.nytimes.com
3653,www.activistpost.com
3654,www.nytimes.com
3655,www.activistpost.com
3656,dailybuzzlive.com
3657,beforeitsnews.com
3658,beforeitsnews.com
3659,beforeitsnews.com
3660,www.bbc.com
3661,www.reuters.com
3662,www.activistpost.com
3663,www.cnn.com
3664,beforeitsnews.com
3665,www.nytimes.com
3666,www.reuters.com
3667,edition.cnn.com
3668,www.cnn.com
3669,www.nytimes.com
3670,beforeitsnews.com
3671,www.reuters.com
3672,beforeitsnews.com
3673,beforeitsnews.com
3674,www.cnn.com
3675,beforeitsnews.com
3676,beforeitsnews.com
3677,beforeitsnews.com
3678,www.activistpost.com
3679,www.bbc.com
3680,beforeitsnews.com
3681,www.cnn.com
3682,www.cnn.com
3683,beforeitsnews.com
3684,beforeitsnews.com
3685,beforeitsnews.com
3686,beforeitsnews.com
3687,www.nytimes.com
3688,beforeitsnews.com
3689,www.reuters.com
3690,beforeitsnews.com
3691,www.bbc.com
3692,beforeitsnews.com
3693,www.nytimes.com
3694,dailybuzzlive.com
3695,www.bbc.com
3696,beforeitsnews.com
3697,www.activistpost.com
3698,www.activistpost.com
3699,beforeitsnews.com
3700,money.cnn.com
3701,www.cnn.com
3702,www.cnn.com
3703,www.cnn.com
3704,beforeitsnews.com
3705,www.bbc.com
3706,www.reuters.com
3707,www.activistpost.com
3708,dailybuzzlive.com
3709,abcnews.go.com
3710,beforeitsnews.com
3711,www.reuters.com
3712,www.nytimes.com
3713,beforeitsnews.com
3714,beforeitsnews.com
3715,www.cnn.com
3716,www.cnn.com
3717,beforeitsnews.com
3718,www.activistpost.com
3719,www.nytimes.com
3720,www.bbc.com
3721,beforeitsnews.com
3722,abcnews.go.com
3723,beforeitsnews.com
3724,beforeitsnews.com
3725,beforeitsnews.com
3726,www.reuters.com
3727,www.nytimes.com
3728,www.reuters.com
3729,www.activistpost.com
3730,www.reuters.com
3731,www.reuters.com
3732,www.cnn.com
3733,www.reuters.com
3734,beforeitsnews.com
3735,beforeitsnews.com
3736,beforeitsnews.com
3737,beforeitsnews.com
3738,beforeitsnews.com
3739,beforeitsnews.com
3740,www.cnn.com
3741,www.nytimes.com
3742,www.bbc.com
3743,www.reuters.com
3744,www.bbc.com
3745,beforeitsnews.com
3746,beforeitsnews.com
3747,www.bbc.com
3748,beforeitsnews.com
3749,beforeitsnews.com
3750,dailybuzzlive.com
3751,beforeitsnews.com
3752,beforeitsnews.com
3753,beforeitsnews.com
3754,www.reuters.com
3755,beforeitsnews.com
3756,dailybuzzlive.com
3757,beforeitsnews.com
3758,beforeitsnews.com
3759,www.cnn.com
3760,beforeitsnews.com
3761,beforeitsnews.com
3762,abcnews.go.com
3763,www.reuters.com
3764,thelab.bleacherreport.com
3765,beforeitsnews.com
3766,www.reuters.com
3767,edition.cnn.com
3768,www.bbc.com
3769,www.nytimes.com
3770,www.reuters.com
3771,beforeitsnews.com
3772,www.cnn.com
3773,www.reuters.com
3774,www.activistpost.com
3775,www.reuters.com
3776,www.cnn.com
3777,www.nytimes.com
3778,www.reuters.com
3779,beforeitsnews.com
3780,www.reuters.com
3781,www.reuters.com
3782,www.bbc.com
3783,www.cnn.com
3784,www.nytimes.com
3785,beforeitsnews.com
3786,www.reuters.com
3787,www.reuters.com
3788,beforeitsnews.com
3789,beforeitsnews.com
3790,beforeitsnews.com
3791,beforeitsnews.com
3792,beforeitsnews.com
3793,beforeitsnews.com
3794,beforeitsnews.com
3795,beforeitsnews.com
3796,beforeitsnews.com
3797,www.disclose.tv
3798,beforeitsnews.com
3799,www.reuters.com
3800,beforeitsnews.com
3801,beforeitsnews.com
3802,www.bbc.co.uk
3803,beforeitsnews.com
3804,www.nytimes.com
3805,www.cnn.com
3806,www.reuters.com
3807,www.activistpost.com
3808,www.cnn.com
3809,www.reuters.com
3810,beforeitsnews.com
3811,www.cnn.com
3812,www.reuters.com
3813,dailybuzzlive.com
3814,www.reuters.com
3815,www.nytimes.com
3816,www.activistpost.com
3817,www.bbc.com
3818,beforeitsnews.com
3819,www.reuters.com
3820,beforeitsnews.com
3821,www.bbc.com
3822,beforeitsnews.com
3823,beforeitsnews.com
3824,www.bbc.com
3825,beforeitsnews.com
3826,beforeitsnews.com
3827,www.reuters.com
3828,beforeitsnews.com
3829,www.activistpost.com
3830,www.reuters.com
3831,www.reuters.com
3832,beforeitsnews.com
3833,beforeitsnews.com
3834,beforeitsnews.com
3835,beforeitsnews.com
3836,abcnews.go.com
3837,beforeitsnews.com
3838,beforeitsnews.com
3839,www.bbc.com
3840,beforeitsnews.com
3841,beforeitsnews.com
3842,www.reuters.com
3843,www.bbc.co.uk
3844,www.cnn.com
3845,www.activistpost.com
3846,beforeitsnews.com
3847,beforeitsnews.com
3848,beforeitsnews.com
3849,beforeitsnews.com
3850,www.bbc.com
3851,www.reuters.com
3852,beforeitsnews.com
3853,beforeitsnews.com
3854,www.activistpost.com
3855,www.activistpost.com
3856,beforeitsnews.com
3857,beforeitsnews.com
3858,www.nytimes.com
3859,beforeitsnews.com
3860,beforeitsnews.com
3861,beforeitsnews.com
3862,beforeitsnews.com
3863,www.reuters.com
3864,www.nytimes.com
3865,www.activistpost.com
3866,beforeitsnews.com
3867,www.nytimes.com
3868,dailybuzzlive.com
3869,beforeitsnews.com
3870,inhealth.cnn.com
3871,www.reuters.com
3872,beforeitsnews.com
3873,beforeitsnews.com
3874,www.bbc.com
3875,www.activistpost.com
3876,beforeitsnews.com
3877,www.bbc.com
3878,beforeitsnews.com
3879,beforeitsnews.com
3880,beforeitsnews.com
3881,beforeitsnews.com
3882,www.nytimes.com
3883,beforeitsnews.com
3884,beforeitsnews.com
3885,www.reuters.com
3886,www.cnn.com
3887,www.reuters.com
3888,beforeitsnews.com
3889,beforeitsnews.com
3890,beforeitsnews.com
3891,www.reuters.com
3892,www.nytimes.com
3893,www.cnn.com
3894,www.activistpost.com
3895,www.nytimes.com
3896,www.reuters.com
3897,www.cnn.com
3898,beforeitsnews.com
3899,www.cnn.com
3900,beforeitsnews.com
3901,www.reuters.com
3902,www.cnn.com
3903,beforeitsnews.com
3904,beforeitsnews.com
3905,beforeitsnews.com
3906,www.reuters.com
3907,beforeitsnews.com
3908,www.reuters.com
3909,www.cnn.com
3910,money.cnn.com
3911,www.reuters.com
3912,beforeitsnews.com
3913,beforeitsnews.com
3914,www.reuters.com
3915,www.cnn.com
3916,beforeitsnews.com
3917,www.bbc.com
3918,www.activistpost.com
3919,www.reuters.com
3920,beforeitsnews.com
3921,www.reuters.com
3922,beforeitsnews.com
3923,www.bbc.com
3924,www.cnn.com
3925,www.bbc.com
3926,beforeitsnews.com
3927,beforeitsnews.com
3928,www.bbc.com
3929,www.reuters.com
3930,www.reuters.com
3931,beforeitsnews.com
3932,beforeitsnews.com
3933,www.cnn.com
3934,beforeitsnews.com
3935,www.reuters.com
3936,dailybuzzlive.com
3937,www.reuters.com
3938,www.reuters.com
3939,www.bbc.com
3940,www.cnn.com
3941,beforeitsnews.com
3942,beforeitsnews.com
3943,beforeitsnews.com
3944,beforeitsnews.com
3945,money.cnn.com
3946,beforeitsnews.com
3947,dailybuzzlive.com
3948,beforeitsnews.com
3949,beforeitsnews.com
3950,beforeitsnews.com
3951,beforeitsnews.com
3952,beforeitsnews.com
3953,www.cnn.com
3954,www.reuters.com
3955,www.reuters.com
3956,www.activistpost.com
3957,www.reuters.com
3958,www.reuters.com
3959,www.reuters.com
3960,www.reuters.com
3961,beforeitsnews.com
3962,abcnews.go.com
3963,www.reuters.com
3964,beforeitsnews.com
3965,www.cnn.com
3966,beforeitsnews.com
3967,beforeitsnews.com
3968,www.nytimes.com
3969,www.cnn.com
3970,www.nytimes.com
3971,www.cnn.com
3972,beforeitsnews.com
3973,beforeitsnews.com
3974,beforeitsnews.com
3975,www.cnn.com
3976,www.bbc.com
3977,beforeitsnews.com
3978,www.bbc.com
3979,beforeitsnews.com
3980,www.bbc.com
3981,beforeitsnews.com
3982,beforeitsnews.com
3983,beforeitsnews.com
3984,www.reuters.com
3985,www.reuters.com
3986,www.bbc.com
3987,beforeitsnews.com
3988,www.bbc.com
3989,www.nytimes.com
3990,beforeitsnews.com
3991,beforeitsnews.com
3992,www.activistpost.com
3993,beforeitsnews.com
3994,www.activistpost.com
3995,www.bbc.com
3996,beforeitsnews.com
3997,beforeitsnews.com
3998,beforeitsnews.com
3999,www.reuters.com
4000,www.activistpost.com
4001,www.nytimes.com
4002,www.cnn.com
4003,beforeitsnews.com
4004,beforeitsnews.com
4005,beforeitsnews.com
4006,www.activistpost.com
4007,www.reuters.com
4008,beforeitsnews.com
